,Seq,overall_rank,label,I_sc,I_bsa,rmsALL_if,pep_sc,seq
0,PV,0.7410714285714286,0,-30.612463917525773,1212.4975721649485,2.4263113402061856,-539.4167608247423,YPEDILDKHLQRVPV
1,LG,0.6921428571428572,0,-31.03969143446852,1253.3849391124872,2.37908359133127,-538.8230650154799,YPEDILDKHLQRVLG
2,LA,0.63375,0,-31.419403526970957,1259.6961348547718,2.3763858921161827,-539.651617219917,YPEDILDKHLQRVLA
3,FN,0.7703571428571429,0,-31.650330208333337,1273.3011822916665,2.508405208333333,-537.8778416666667,YPEDILDKHLQRVFN
4,EF,0.6773214285714286,0,-31.53924897540984,1240.4538411885246,2.343444672131148,-537.594556352459,YPEDILDKHLQRVEF
5,SK,0.7055357142857143,0,-30.373552929085303,1207.298904419322,2.3540914696813977,-538.4575210688593,YPEDILDKHLQRVSK
6,KT,0.7787499999999999,0,-29.52732682425488,1219.3512230215829,2.3668725590955804,-537.6826022610484,YPEDILDKHLQRVKT
7,EW,0.5933928571428572,0,-31.59010629514964,1241.141742002064,2.3395603715170274,-538.8562610939113,YPEDILDKHLQRVEW
8,TG,0.7382142857142857,0,-30.657922440537742,1221.960498448811,2.385735263702172,-538.5189607032058,YPEDILDKHLQRVTG
9,SE,0.8371428571428572,0,-30.181174406604743,1202.0343591331268,2.4236511867905057,-537.7047100103199,YPEDILDKHLQRVSE
10,CL,0.8582142857142857,0,-30.949068535825543,1223.752422637591,2.424107995846313,-536.8345036344756,YPEDILDKHLQRVCL
11,DK,0.5217857142857143,0,-32.746226239669426,1243.25688946281,2.3080464876033058,-537.597729338843,YPEDILDKHLQRVDK
12,TL,0.7144642857142858,0,-30.65956485355648,1230.1556412133891,2.4120658995815902,-539.7864864016736,YPEDILDKHLQRVTL
13,RT,0.7569642857142858,0,-29.52208808290156,1226.382467357513,2.3816072538860107,-538.2784808290155,YPEDILDKHLQRVRT
14,LK,0.8362499999999999,0,-31.00670435684647,1254.4559553941908,2.381918049792531,-536.1814439834025,YPEDILDKHLQRVLK
15,IF,0.72875,0,-31.11333956386293,1234.7663946002078,2.3721412253374874,-538.014046728972,YPEDILDKHLQRVIF
16,WV,0.6455357142857143,0,-32.15651559251559,1290.982853430353,2.4230488565488564,-538.6321756756756,YPEDILDKHLQRVWV
17,TK,0.8476785714285715,0,-30.911015368852457,1237.9525143442622,2.4311956967213115,-537.0778668032787,YPEDILDKHLQRVTK
18,GF,0.8,0,-30.296757731958767,1193.9675917525774,2.386552577319588,-537.7492927835052,YPEDILDKHLQRVGF
19,SP,0.7626785714285715,0,-30.68792283950617,1211.304547325103,2.3702397119341563,-537.8412921810699,YPEDILDKHLQRVSP
20,GT,0.6591071428571429,0,-30.27033849329205,1184.592438596491,2.351930856553148,-539.6108390092879,YPEDILDKHLQRVGT
21,DR,0.4078571428571428,0,-33.05356032719836,1236.7295173824132,2.299480572597137,-539.0222944785276,YPEDILDKHLQRVDR
22,RD,0.6833928571428571,0,-29.729329896907217,1224.0263020618556,2.3671938144329894,-539.5655525773196,YPEDILDKHLQRVRD
23,CK,0.8580357142857142,0,-30.95568275154004,1250.1103809034907,2.431067761806981,-536.7478100616016,YPEDILDKHLQRVCK
24,SH,0.7078571428571429,0,-30.727491769547328,1224.7715257201646,2.386526748971193,-539.1174897119341,YPEDILDKHLQRVSH
25,KA,0.7878571428571428,0,-29.694107995846316,1229.1035295950155,2.333279335410176,-536.1816884735202,YPEDILDKHLQRVKA
26,KP,0.8642857142857143,0,-29.63007246376812,1249.85317805383,2.3536076604554865,-533.5312660455486,YPEDILDKHLQRVKP
27,KR,0.8603571428571429,0,-29.225130977130977,1226.3501704781706,2.3689407484407488,-536.0125654885654,YPEDILDKHLQRVKR
28,IR,0.7791071428571429,0,-30.812466181061392,1225.4238033298643,2.372973985431842,-537.4889510926118,YPEDILDKHLQRVIR
29,QA,0.8244642857142856,0,-30.47491546391752,1233.1896082474227,2.3674587628865984,-536.5916896907216,YPEDILDKHLQRVQA
30,CW,0.8117857142857143,0,-31.096207724425888,1222.5980887265137,2.389117954070981,-537.0175407098121,YPEDILDKHLQRVCW
31,PE,0.8169642857142857,0,-30.949176772867418,1208.094430626927,2.500898252826311,-538.1157091469681,YPEDILDKHLQRVPE
32,QT,0.7698214285714285,0,-30.823662898252824,1243.6923936279547,2.3156495375128467,-535.1473309352518,YPEDILDKHLQRVQT
33,YW,0.7542857142857143,0,-31.533340909090903,1270.6421642561986,2.460268595041322,-538.1151363636363,YPEDILDKHLQRVYW
34,SR,0.8691071428571429,0,-29.793972136222905,1209.3602094943242,2.4018864809081526,-536.7575036119711,YPEDILDKHLQRVSR
35,AL,0.86625,0,-30.638548453608248,1212.3557659793817,2.449940206185567,-537.2605865979382,YPEDILDKHLQRVAL
36,DW,0.44875,0,-32.86568808290156,1241.1901937823834,2.2765720207253883,-537.9990518134715,YPEDILDKHLQRVDW
37,YF,0.7541071428571429,0,-31.882678125,1285.188484375,2.478179166666666,-537.6821364583334,YPEDILDKHLQRVYF
38,RQ,0.7164285714285714,0,-29.562504692387904,1227.1905318039624,2.329657977059437,-537.5919176225234,YPEDILDKHLQRVRQ
39,QR,0.6758928571428572,0,-30.186750775594625,1236.0353919338158,2.345957600827301,-538.6173485005171,YPEDILDKHLQRVQR
40,VA,0.8171428571428572,0,-30.74429533678756,1222.125642487047,2.421631088082901,-537.7431336787564,YPEDILDKHLQRVVA
41,GG,0.9216071428571428,0,-30.07817801047121,1184.4825214659686,2.4228607329842937,-535.9612753926701,YPEDILDKHLQRVGG
42,LL,0.7376785714285714,0,-31.14347614107884,1248.7565902489628,2.3930062240663896,-538.1543392116182,YPEDILDKHLQRVLL
43,SN,0.8032142857142857,0,-30.422581874356336,1203.0461380020597,2.3727785787847577,-537.373728115345,YPEDILDKHLQRVSN
44,AE,0.8432142857142857,0,-30.49337981269511,1203.3157554630595,2.4593069719042666,-537.7917034339231,YPEDILDKHLQRVAE
45,CQ,0.7957142857142858,0,-31.050418032786883,1216.0600399590164,2.438472336065574,-538.065681352459,YPEDILDKHLQRVCQ
46,ES,0.6789285714285715,0,-31.53506282183316,1234.2909536560246,2.3441410916580847,-537.6377621009269,YPEDILDKHLQRVES
47,PQ,0.8189285714285715,0,-30.5727625,1209.9637958333333,2.4745104166666665,-538.18398125,YPEDILDKHLQRVPQ
48,KC,0.7799999999999999,0,-29.59984663212435,1225.1000321243523,2.345447668393782,-536.840341968912,YPEDILDKHLQRVKC
49,CR,0.7116071428571429,0,-31.210076200417536,1267.8445887265134,2.398032359081419,-538.5593288100208,YPEDILDKHLQRVCR
50,SD,0.8582142857142856,0,-30.590811789038263,1207.1587704239917,2.437510858324716,-537.3731416752844,YPEDILDKHLQRVSD
51,LW,0.7003571428571429,0,-30.984759011328528,1251.6478166838308,2.3848702368692067,-538.8480628218332,YPEDILDKHLQRVLW
52,FQ,0.8267857142857142,0,-31.589558333333333,1266.2902072916668,2.47728125,-536.865765625,YPEDILDKHLQRVFQ
53,TP,0.8457142857142858,0,-30.74245923632611,1224.644581011352,2.3936934984520124,-536.6987678018576,YPEDILDKHLQRVTP
54,RE,0.7748214285714285,0,-29.508344329896904,1213.7728886597938,2.359160824742268,-537.5277742268041,YPEDILDKHLQRVRE
55,AP,0.7382142857142857,0,-30.58656354166667,1207.013794791667,2.4282197916666663,-539.6377385416666,YPEDILDKHLQRVAP
56,SG,0.8078571428571428,0,-30.303678644763856,1200.2248367556467,2.364707392197125,-537.0340965092402,YPEDILDKHLQRVSG
57,KL,0.7435714285714287,0,-29.784943647540985,1227.5757151639343,2.317049180327869,-536.656769467213,YPEDILDKHLQRVKL
58,KK,0.6957142857142857,0,-29.72760696008189,1224.332771750256,2.323730808597748,-537.7565250767656,YPEDILDKHLQRVKK
59,AD,0.8733928571428572,0,-31.07092116182573,1207.192143153527,2.456402489626556,-536.8285217842324,YPEDILDKHLQRVAD
60,TV,0.6010714285714286,0,-30.766650826446284,1228.5990681818182,2.338897727272727,-540.2872954545454,YPEDILDKHLQRVTV
61,VG,0.7455357142857142,0,-31.203075413223143,1235.8907303719009,2.414823347107438,-538.4139297520661,YPEDILDKHLQRVVG
62,WE,0.6596428571428572,0,-32.44528925619835,1300.1672355371902,2.4286250000000003,-537.9885898760331,YPEDILDKHLQRVWE
63,AR,0.8251785714285714,0,-30.43235684647303,1200.99887033195,2.4159948132780085,-537.7666763485477,YPEDILDKHLQRVAR
64,VD,0.75625,0,-31.07756878850103,1229.514358316222,2.4112084188911704,-538.3514537987679,YPEDILDKHLQRVVD
65,YA,0.8180357142857142,0,-31.34888070539419,1265.4100632780082,2.468161825726141,-537.3355529045643,YPEDILDKHLQRVYA
66,EN,0.8176785714285714,0,-31.424856850715745,1242.8124662576688,2.383760736196319,-536.1164243353784,YPEDILDKHLQRVEN
67,IE,0.6760714285714285,0,-30.76274974146846,1231.8027880041366,2.34758841778697,-538.4689141675284,YPEDILDKHLQRVIE
68,DS,0.5882142857142858,0,-33.241593167701865,1245.4667743271225,2.306869565217391,-534.6972370600414,YPEDILDKHLQRVDS
69,GQ,0.8762500000000001,0,-30.34623029682702,1202.6207594677585,2.4218925281473904,-536.8651801432958,YPEDILDKHLQRVGQ
70,VE,0.8626785714285714,0,-31.081013443640124,1233.7094457083765,2.421846949327818,-536.5548996897621,YPEDILDKHLQRVVE
71,ME,0.6944642857142858,0,-31.07952420185376,1239.0048043254378,2.385945417095778,-539.0185890834191,YPEDILDKHLQRVME
72,VL,0.6664285714285715,0,-31.00151502590673,1232.5170974093264,2.373306735751296,-539.5643979274612,YPEDILDKHLQRVVL
73,AA,0.9648214285714286,0,-30.57514315139032,1206.781878475798,2.4396168898043253,-532.976263645726,YPEDILDKHLQRVAA
74,EK,0.7983928571428571,0,-31.437022727272726,1247.5116838842976,2.357602272727273,-535.4130134297521,YPEDILDKHLQRVEK
75,IN,0.7230357142857142,0,-30.987303810504635,1235.3473810504636,2.3388259526261588,-537.226095777549,YPEDILDKHLQRVIN
76,IL,0.7117857142857142,0,-30.951987538940813,1228.0087424714434,2.3452045690550363,-537.7306053997922,YPEDILDKHLQRVIL
77,YY,0.6966071428571428,0,-31.97378756476684,1328.2251968911917,2.467415544041451,-537.9315896373057,YPEDILDKHLQRVYY
78,FP,0.8569642857142856,0,-31.7557049689441,1266.6341801242231,2.461341614906832,-535.7251242236025,YPEDILDKHLQRVFP
79,TA,0.7601785714285715,0,-30.726286893704856,1224.288152734778,2.42965221878225,-538.834068111455,YPEDILDKHLQRVTA
80,QP,0.75625,0,-30.538822154471543,1237.4983191056913,2.347633130081301,-537.2003292682928,YPEDILDKHLQRVQP
81,HE,0.7866071428571428,0,-30.59296807415036,1253.0663027806384,2.406165808444902,-537.9779752832131,YPEDILDKHLQRVHE
82,TS,0.8898214285714285,0,-30.59640327533265,1219.607430910952,2.374174002047083,-534.6701146366428,YPEDILDKHLQRVTS
83,MS,0.81875,0,-31.107140061791963,1245.4244716786818,2.3575025746652933,-535.4863666323379,YPEDILDKHLQRVMS
84,FH,0.787142857142857,0,-32.19941450777202,1278.3649367875646,2.4665523316062177,-536.5437150259067,YPEDILDKHLQRVFH
85,GA,0.8594642857142857,0,-29.94250726141079,1184.385670124481,2.4072323651452283,-537.1134854771784,YPEDILDKHLQRVGA
86,NA,0.6646428571428571,0,-30.407030176899067,1228.9498459937568,2.363354838709677,-539.7576545265349,YPEDILDKHLQRVNA
87,VI,0.8835714285714286,0,-30.42698140495868,1221.5167944214877,2.459309917355372,-537.0142882231405,YPEDILDKHLQRVVI
88,SA,0.8792857142857142,0,-30.797954779033915,1216.3951161356626,2.4016104830421376,-536.1811192189106,YPEDILDKHLQRVSA
89,EC,0.6214285714285714,0,-31.89374744376278,1245.9494683026585,2.360922290388548,-538.5720051124744,YPEDILDKHLQRVEC
90,LD,0.6946428571428571,0,-31.66259896373057,1260.6184994818652,2.3872051813471504,-538.1505730569947,YPEDILDKHLQRVLD
91,EP,0.5776785714285714,0,-31.51652680412371,1239.179137113402,2.324380412371134,-538.8026927835051,YPEDILDKHLQRVEP
92,YC,0.7898214285714287,0,-31.39007635983264,1269.8079351464437,2.472538702928871,-537.7581569037657,YPEDILDKHLQRVYC
93,CH,0.9201785714285714,0,-30.78855429162358,1215.7182192347468,2.3982916235780767,-533.7267931747673,YPEDILDKHLQRVCH
94,RL,0.8219642857142858,0,-29.418476683937826,1216.9964103626944,2.3672860103626943,-536.8542020725389,YPEDILDKHLQRVRL
95,SL,0.7348214285714286,0,-30.31641030927835,1199.2520175257732,2.39669793814433,-539.1215979381443,YPEDILDKHLQRVSL
96,AI,0.760892857142857,0,-30.551845435684648,1212.205114107884,2.4526929460580917,-539.2543298755187,YPEDILDKHLQRVAI
97,LY,0.6517857142857142,0,-31.440535123966946,1259.2268161157024,2.3291776859504134,-537.6373842975207,YPEDILDKHLQRVLY
98,GP,0.900357142857143,0,-29.93629375,1183.533225,2.432305208333333,-536.6660208333334,YPEDILDKHLQRVGP
99,NE,0.8626785714285714,0,-30.336162384378213,1220.096889003083,2.39967112024666,-536.7196269270298,YPEDILDKHLQRVNE
100,FKK,0.7508928571428571,0,-32.45590823774766,1340.7517841501565,2.4839614181439003,-535.742897810219,YPEDILDKHLQRVFKK
101,FLE,0.6873214285714285,0,-32.341845275181726,1311.5330924195223,2.4323956386292838,-537.644769470405,YPEDILDKHLQRVFLE
102,WGT,0.55,0,-32.64968545081967,1349.4136413934425,2.458154713114754,-539.0585717213115,YPEDILDKHLQRVWGT
103,TAG,0.5907142857142857,0,-31.55797316821465,1267.1452363261096,2.341575851393189,-538.8678255933953,YPEDILDKHLQRVTAG
104,RHP,0.7826785714285714,0,-29.966182474226805,1282.2805917525775,2.349771134020618,-536.5790195876289,YPEDILDKHLQRVRHP
105,SPA,0.7410714285714286,0,-30.8702,1249.8043602094242,2.432264921465969,-539.0196481675393,YPEDILDKHLQRVSPA
106,HAV,0.8164285714285715,0,-31.38086769230769,1323.2558820512822,2.411274871794872,-535.9212256410257,YPEDILDKHLQRVHAV
107,EDR,0.3939285714285714,0,-32.45884020618556,1311.541798969072,2.29120412371134,-539.572218556701,YPEDILDKHLQRVEDR
108,QEE,0.6683928571428571,0,-30.9830103626943,1307.1025243523318,2.339919170984456,-537.7183202072539,YPEDILDKHLQRVQEE
109,PCQ,0.7575,0,-31.193111917098445,1282.106591709845,2.4535450777202072,-538.3243834196892,YPEDILDKHLQRVPCQ
110,FPS,0.7676785714285714,0,-31.99536896197328,1301.3261593011307,2.475818088386434,-537.0323144912641,YPEDILDKHLQRVFPS
111,CVQ,0.6842857142857143,0,-31.724477812177504,1283.1388761609908,2.372127966976264,-537.8132497420021,YPEDILDKHLQRVCVQ
112,LSP,0.5283928571428571,0,-31.880503642039542,1306.9621030176895,2.3255182101977105,-538.6936129032258,YPEDILDKHLQRVLSP
113,LRD,0.9210714285714284,0,-31.09573188405797,1302.733971014493,2.4819068322981366,-533.2054886128365,YPEDILDKHLQRVLRD
114,PPK,0.7871428571428571,0,-30.72040660474716,1271.7216449948403,2.495925696594427,-538.4358947368421,YPEDILDKHLQRVPPK
115,FRF,0.8167857142857143,0,-32.05721369294606,1344.6079751037344,2.621132780082988,-532.8208288381743,YPEDILDKHLQRVFRF
116,KLL,0.7975,0,-31.11837809917355,1319.7408316115702,2.359044421487603,-534.7434969008265,YPEDILDKHLQRVKLL
117,LKV,0.5349999999999999,0,-32.226296181630545,1316.3545830753353,2.363085655314757,-539.150729618163,YPEDILDKHLQRVLKV
118,KCN,0.6792857142857143,0,-30.57867420349435,1268.49834635149,2.348226104830421,-538.3319619732786,YPEDILDKHLQRVKCN
119,PQD,0.7733928571428572,0,-30.80576446280992,1261.6004369834711,2.454261363636364,-538.504298553719,YPEDILDKHLQRVPQD
120,HCV,0.7910714285714286,0,-31.410134158926727,1320.0723446852426,2.447565531475748,-536.9582549019608,YPEDILDKHLQRVHCV
121,YNK,0.6976785714285714,0,-31.897294725956566,1324.5213815925542,2.4719958634953465,-538.0392419855222,YPEDILDKHLQRVYNK
122,KIN,0.6828571428571429,0,-30.289490778688524,1275.53868545082,2.356193647540984,-538.5846290983607,YPEDILDKHLQRVKIN
123,GFT,0.885,0,-30.638573787409698,1244.6313880288958,2.438092879256966,-536.5583880288957,YPEDILDKHLQRVGFT
124,EGV,0.6530357142857143,0,-32.34573559670782,1313.2073405349795,2.366122427983539,-536.9431141975308,YPEDILDKHLQRVEGV
125,AGV,0.8185714285714286,0,-31.33166117404737,1274.7073439752833,2.4191802265705458,-536.8002595262616,YPEDILDKHLQRVAGV
126,YAL,0.5741071428571428,0,-32.68419938650307,1347.6707004089978,2.4255756646216766,-538.2230020449898,YPEDILDKHLQRVYAL
127,AQA,0.8732142857142857,0,-31.22735699588477,1241.0181358024693,2.4998158436213997,-536.6549074074073,YPEDILDKHLQRVAQA
128,DFS,0.3935714285714285,0,-33.60250566426364,1283.2200988671473,2.2994140061791963,-538.3658558187436,YPEDILDKHLQRVDFS
129,PRC,0.7894642857142857,0,-30.98554722792608,1260.3545862422998,2.4308737166324432,-537.9686971252567,YPEDILDKHLQRVPRC
130,ENP,0.5757142857142857,0,-32.442464615384615,1302.0367446153848,2.345387692307692,-537.6957989743589,YPEDILDKHLQRVENP
131,ERL,0.46625,0,-32.61138051282052,1318.7416143589744,2.351109743589744,-539.5641446153846,YPEDILDKHLQRVERL
132,CSA,0.6919642857142857,0,-31.6400020768432,1269.6509335410176,2.3604454828660435,-537.6223011422637,YPEDILDKHLQRVCSA
133,SVK,0.6626785714285715,0,-31.093770423991728,1278.4687063081697,2.394822130299896,-539.9740899689763,YPEDILDKHLQRVSVK
134,GPE,0.6335714285714286,0,-31.139464469618947,1261.2961627188463,2.356345005149331,-539.2160308959835,YPEDILDKHLQRVGPE
135,GMG,0.94125,0,-30.59650153846154,1223.108712820513,2.440448205128205,-535.0969487179487,YPEDILDKHLQRVGMG
136,TAL,0.6616071428571428,0,-31.853461618257263,1299.5528578838175,2.374127593360996,-537.9612313278008,YPEDILDKHLQRVTAL
137,TLA,0.7953571428571429,0,-31.131163371488032,1256.3739979188344,2.4239479708636837,-537.6865733610822,YPEDILDKHLQRVTLA
138,DFP,0.4869642857142857,0,-33.25332484725051,1278.8293788187373,2.3821140529531566,-539.7264460285132,YPEDILDKHLQRVDFP
139,LQE,0.5553571428571429,0,-32.18887577002053,1330.0224486652978,2.3141704312114992,-537.1653388090349,YPEDILDKHLQRVLQE
140,LVE,0.6883928571428571,0,-32.14972406639004,1327.5317977178422,2.3629813278008296,-536.1274159751038,YPEDILDKHLQRVLVE
141,HFW,0.5441071428571429,0,-32.51242930856554,1355.0863777089785,2.4778710010319918,-539.5241630546956,YPEDILDKHLQRVHFW
142,QPR,0.4060714285714286,0,-31.244138917262514,1339.916139938713,2.252905005107253,-541.1854320735443,YPEDILDKHLQRVQPR
143,TTN,0.7053571428571429,0,-30.99981011351909,1275.843664602683,2.399717234262126,-538.9524943240455,YPEDILDKHLQRVTTN
144,KRF,0.9001785714285714,0,-30.08171933471933,1301.9086871101872,2.4862328482328486,-536.2200093555093,YPEDILDKHLQRVKRF
145,EAL,0.7217857142857143,0,-32.263291452111226,1317.7337590113284,2.376146240988672,-535.6486879505665,YPEDILDKHLQRVEAL
146,EGS,0.5792857142857143,0,-32.31354376930999,1296.3807765190527,2.356095777548919,-538.1843398558187,YPEDILDKHLQRVEGS
147,EMA,0.8264285714285714,0,-31.95720927835052,1283.0958082474226,2.457576288659794,-535.8853701030928,YPEDILDKHLQRVEMA
148,ALQ,0.7171428571428571,0,-31.110832989690724,1264.426030927835,2.425442268041237,-539.0980855670103,YPEDILDKHLQRVALQ
149,NNN,0.5996428571428571,0,-30.97397638603696,1286.6632864476385,2.3419496919917866,-539.3087073921971,YPEDILDKHLQRVNNN
150,TSV,0.8728571428571428,0,-30.98769254658385,1277.6308209109732,2.379549689440994,-533.4773726708074,YPEDILDKHLQRVTSV
151,TKP,0.6585714285714286,0,-31.46716493775934,1282.282523858921,2.343618257261411,-537.7355217842323,YPEDILDKHLQRVTKP
152,FNG,0.8482142857142857,0,-32.03555108359133,1302.7363550051598,2.465277605779154,-532.9948204334365,YPEDILDKHLQRVFNG
153,KTT,0.8133928571428571,0,-30.32429618163055,1288.4087853457174,2.3781991744066047,-536.7142961816306,YPEDILDKHLQRVKTT
154,LCK,0.6121428571428571,0,-31.38796395468589,1305.0368218331616,2.357747682801236,-538.8818867147271,YPEDILDKHLQRVLCK
155,DEG,0.3737499999999999,0,-33.69579366700715,1277.0222839632277,2.3268621041879465,-539.9326169560776,YPEDILDKHLQRVDEG
156,SGT,0.725,0,-30.8925412371134,1254.1252030927835,2.4164360824742266,-539.0854309278351,YPEDILDKHLQRVSGT
157,PTA,0.7330357142857142,0,-31.35537408568443,1251.9057951933123,2.4420595611285267,-538.6935705329154,YPEDILDKHLQRVPTA
158,FAA,0.67125,0,-32.43651917098446,1312.4807150259069,2.5288072538860105,-538.0229761658031,YPEDILDKHLQRVFAA
159,GEK,0.7219642857142857,0,-30.87106095041322,1240.927229338843,2.434337809917356,-539.6788636363636,YPEDILDKHLQRVGEK
160,VMK,0.88375,0,-31.18252892561984,1284.62918285124,2.484559917355372,-536.0684132231404,YPEDILDKHLQRVVMK
161,RWT,0.7846428571428572,0,-30.260049586776866,1294.3464194214876,2.3489576446280998,-536.3134462809918,YPEDILDKHLQRVRWT
162,EVS,0.8355357142857143,0,-31.88913917525773,1289.8384804123712,2.403147422680412,-533.0454226804123,YPEDILDKHLQRVEVS
163,FRT,0.7435714285714285,0,-32.52503008298756,1335.1276887966803,2.478425311203319,-535.970218879668,YPEDILDKHLQRVFRT
164,CNS,0.6730357142857144,0,-31.771511363636364,1260.7720495867768,2.340668388429752,-537.1081353305785,YPEDILDKHLQRVCNS
165,EDG,0.7021428571428572,0,-32.019266253869965,1270.7281341589269,2.381392156862745,-537.3823663570691,YPEDILDKHLQRVEDG
166,PVT,0.7251785714285715,0,-30.97559029927761,1254.978604747162,2.444434468524252,-539.4835614035088,YPEDILDKHLQRVPVT
167,SFC,0.7108928571428571,0,-31.25759339525284,1258.348452012384,2.396286893704851,-538.5283085655315,YPEDILDKHLQRVSFC
168,GAR,0.5235714285714286,0,-31.706706488156534,1290.4857095777547,2.3350988671472708,-540.0301802265705,YPEDILDKHLQRVGAR
169,AQN,0.7116071428571429,0,-30.88827094105481,1254.1164002068251,2.448276111685626,-540.3373826266804,YPEDILDKHLQRVAQN
170,IIP,0.5919642857142857,0,-31.352044421487605,1280.806451446281,2.348793388429752,-539.4154938016528,YPEDILDKHLQRVIIP
171,AEE,0.656607142857143,0,-31.390033126293996,1277.3896273291923,2.4185548654244307,-540.452102484472,YPEDILDKHLQRVAEE
172,YTC,0.7016071428571429,0,-31.943918834547347,1307.397826222685,2.470057232049948,-538.166425598335,YPEDILDKHLQRVYTC
173,VPR,0.5339285714285715,0,-32.18774285714286,1329.7579357142854,2.3816224489795923,-539.8230010204082,YPEDILDKHLQRVVPR
174,QKT,0.8332142857142857,0,-30.767546296296292,1299.4298014403291,2.372659465020576,-535.6154279835391,YPEDILDKHLQRVQKT
175,PKT,0.8733928571428572,0,-31.093469854469856,1267.3895654885655,2.4789604989604985,-536.6186663201663,YPEDILDKHLQRVPKT
176,FDP,0.5546428571428571,0,-33.140834890965735,1321.7821703011423,2.4321017653167187,-538.5264361370716,YPEDILDKHLQRVFDP
177,THK,0.8989285714285715,0,-30.95910123966942,1302.108820247934,2.410179752066116,-532.7587407024794,YPEDILDKHLQRVTHK
178,VGQ,0.5910714285714286,0,-31.526092307692306,1295.2442902564103,2.375037948717949,-540.8241979487179,YPEDILDKHLQRVVGQ
179,MHQ,0.5035714285714286,0,-32.484796296296295,1336.8741934156378,2.393520576131688,-540.4358137860082,YPEDILDKHLQRVMHQ
180,PKG,0.9376785714285714,0,-30.450363730569947,1229.9442601036271,2.490250777202072,-535.8712134715026,YPEDILDKHLQRVPKG
181,RCA,0.8482142857142857,0,-30.159355967078188,1263.8807355967078,2.4012098765432097,-536.7937592592592,YPEDILDKHLQRVRCA
182,LSA,0.760357142857143,0,-31.97298243801653,1303.200119834711,2.400669421487603,-536.4293037190082,YPEDILDKHLQRVLSA
183,RNY,0.60375,0,-30.208794208893487,1263.6992998965875,2.3445842812823163,-540.9767001034127,YPEDILDKHLQRVRNY
184,TPR,0.4082142857142857,0,-32.061368474923235,1328.6646837256908,2.308642784032753,-541.8414278403275,YPEDILDKHLQRVTPR
185,IHD,0.5307142857142857,0,-31.464035051546396,1283.1305783505154,2.293864948453608,-538.624769072165,YPEDILDKHLQRVIHD
186,TKK,0.8057142857142857,0,-31.4028726899384,1288.7359466119096,2.3852422997946614,-536.085724845996,YPEDILDKHLQRVTKK
187,AGQ,0.8682142857142857,0,-31.3403802672148,1270.4822415210688,2.4073802672148,-535.1748797533402,YPEDILDKHLQRVAGQ
188,PTS,0.9646428571428572,0,-30.838224870466323,1238.3863772020725,2.4898673575129533,-532.4658860103626,YPEDILDKHLQRVPTS
189,FIY,0.68625,0,-32.01036694386694,1323.7191133056133,2.550672557172557,-538.1948534303534,YPEDILDKHLQRVFIY
190,NME,0.91625,0,-30.489260288065847,1283.4002438271605,2.43858024691358,-535.2766316872428,YPEDILDKHLQRVNME
191,KPQ,0.8378571428571429,0,-30.119587090163936,1291.8759395491802,2.345986680327869,-532.487736680328,YPEDILDKHLQRVKPQ
192,VGT,0.7207142857142858,0,-31.273607843137253,1281.6892765737873,2.4144458204334365,-538.5029442724458,YPEDILDKHLQRVVGT
193,IQS,0.5453571428571429,0,-31.15782564102564,1267.3619251282053,2.3266082051282053,-540.8529251282051,YPEDILDKHLQRVIQS
194,TLG,0.7342857142857143,0,-30.69619958202717,1241.5425903866249,2.405703239289446,-538.9410626959248,YPEDILDKHLQRVTLG
195,YEG,0.7685714285714286,0,-31.878358684480983,1298.8580822199383,2.4453566289825286,-537.095098663926,YPEDILDKHLQRVYEG
196,KLV,0.8446428571428571,0,-30.704022633744856,1298.962809670782,2.3623539094650208,-533.8248014403292,YPEDILDKHLQRVKLV
197,IRN,0.70625,0,-31.38610031023785,1279.0465377456048,2.363373319544984,-537.6582823164426,YPEDILDKHLQRVIRN
198,IKN,0.7523214285714286,0,-31.246030769230767,1276.8699138461538,2.342792820512821,-536.1454164102564,YPEDILDKHLQRVIKN
199,EYH,0.5492857142857143,0,-32.30647148676171,1311.1885549898168,2.292077393075356,-536.7731303462322,YPEDILDKHLQRVEYH
200,GHEV,0.5632142857142857,0,-31.90758961303462,1313.5305600814663,2.3139501018329938,-537.7010885947047,YPEDILDKHLQRVGHEV
201,KSPA,0.7751785714285715,0,-30.35453197969543,1299.5877959390864,2.38076345177665,-537.4325604060914,YPEDILDKHLQRVKSPA
202,ERLA,0.44375,0,-33.577288775510205,1357.6823010204082,2.3092989795918366,-536.5393734693878,YPEDILDKHLQRVERLA
203,TTKS,0.5080357142857143,0,-31.84790163934426,1358.4564897540984,2.3325276639344263,-538.2388350409836,YPEDILDKHLQRVTTKS
204,HSFS,0.4103571428571428,0,-33.28924412665985,1398.9611031664963,2.303180796731359,-535.4677374872318,YPEDILDKHLQRVHSFS
205,TPCA,0.6503571428571429,0,-31.958987704918037,1308.3703995901635,2.430768442622951,-538.8067889344262,YPEDILDKHLQRVTPCA
206,NCTG,0.6366071428571429,0,-31.439014256619146,1311.066415478615,2.324538696537678,-537.3166242362526,YPEDILDKHLQRVNCTG
207,KPDV,0.5110714285714286,0,-31.88216224489796,1351.941663265306,2.2793612244897963,-537.1860020408163,YPEDILDKHLQRVKPDV
208,CGRP,0.2923214285714285,0,-33.123082906857725,1381.0386919140226,2.291128966223132,-538.4491555783009,YPEDILDKHLQRVCGRP
209,FEKA,0.4946428571428571,0,-34.08261773700307,1413.2813384301733,2.412715596330275,-535.890891946993,YPEDILDKHLQRVFEKA
210,TSAK,0.8503571428571428,0,-30.87857319587629,1306.4217680412369,2.4031412371134024,-535.9831453608247,YPEDILDKHLQRVTSAK
211,LFYI,0.2301785714285714,1,-34.68742083758938,1424.647139938713,2.323988764044944,-538.0496138917262,YPEDILDKHLQRVLFYI
212,APST,0.5930357142857143,0,-31.83484654471545,1300.46974898374,2.3863709349593494,-539.8875518292683,YPEDILDKHLQRVAPST
213,TIHM,0.2119642857142857,1,-33.7153735926305,1389.5403961105426,2.296636642784033,-539.5165158648924,YPEDILDKHLQRVTIHM
214,TPTK,0.6017857142857144,0,-32.66029928498468,1369.211964249234,2.356256384065373,-535.0814719101123,YPEDILDKHLQRVTPTK
215,EMND,0.5658928571428571,0,-32.81570256410256,1371.4341548717948,2.372363076923077,-536.5688523076923,YPEDILDKHLQRVEMND
216,SYQE,0.3575,0,-32.57369458631256,1361.546037793667,2.253521961184883,-538.1724739530132,YPEDILDKHLQRVSYQE
217,NPEV,0.4473214285714285,0,-32.206137014314926,1354.5597310838448,2.290448875255624,-537.90804601227,YPEDILDKHLQRVNPEV
218,FQLI,0.4335714285714286,0,-34.32851836734694,1413.4386714285715,2.397131632653061,-536.8141418367346,YPEDILDKHLQRVFQLI
219,FRTP,0.6275,0,-32.72237067209776,1370.1056863543788,2.4296272912423627,-536.6236558044806,YPEDILDKHLQRVFRTP
220,KTKG,0.5623214285714285,0,-30.84123926380368,1359.2221850715746,2.287635991820041,-537.4060869120655,YPEDILDKHLQRVKTKG
221,NFAN,0.3867857142857143,0,-32.00437410805301,1335.3710591233437,2.269147808358817,-539.7465443425077,YPEDILDKHLQRVNFAN
222,EVRR,0.1328571428571428,1,-34.59371573604061,1477.323952284264,2.245831472081218,-537.9080690355331,YPEDILDKHLQRVEVRR
223,DTEK,0.13375,1,-35.3094836400818,1413.0952106339469,2.256790388548057,-538.7713139059305,YPEDILDKHLQRVDTEK
224,KAEI,0.4732142857142856,0,-32.0644192893401,1383.498637563452,2.296832487309645,-536.8130852791878,YPEDILDKHLQRVKAEI
225,DESC,0.2491071428571428,1,-34.844719796954315,1341.0171543147208,2.2789137055837565,-539.3826527918781,YPEDILDKHLQRVDESC
226,IDSL,0.5103571428571428,0,-33.39606885919836,1365.0572261048303,2.353483042137719,-536.5412446043165,YPEDILDKHLQRVIDSL
227,NRQG,0.6223214285714287,0,-31.59314329580348,1337.9315588536335,2.362834186284545,-538.0453940634596,YPEDILDKHLQRVNRQG
228,QPLS,0.4767857142857143,0,-31.45612296747968,1337.3547154471546,2.258747967479675,-538.3354695121951,YPEDILDKHLQRVQPLS
229,VDEG,0.4267857142857142,0,-32.43617911975435,1339.956941658137,2.3450378710337767,-540.8586079836234,YPEDILDKHLQRVVDEG
230,EQWT,0.2621428571428571,1,-34.71647395301328,1403.057624106231,2.3079244126659857,-537.8046036772216,YPEDILDKHLQRVEQWT
231,PEKL,0.6876785714285714,0,-31.97577823408624,1369.5996221765915,2.418530800821355,-536.5885102669405,YPEDILDKHLQRVPEKL
232,ALPY,0.7858928571428572,0,-31.12225307377049,1292.0159518442624,2.439350409836065,-537.7698504098361,YPEDILDKHLQRVALPY
233,SFAE,0.61875,0,-31.709755623721883,1302.942556237219,2.3622822085889568,-538.4535746421268,YPEDILDKHLQRVSFAE
234,GDCK,0.5071428571428571,0,-32.98693184130214,1342.2215910478128,2.341547304170905,-537.2673723296033,YPEDILDKHLQRVGDCK
235,PIFR,0.4207142857142857,0,-33.61129268292683,1424.6206361788618,2.3437063008130083,-535.2062367886178,YPEDILDKHLQRVPIFR
236,FPPE,0.6308928571428571,0,-32.793864809081526,1374.8918090815275,2.392142414860681,-535.128564499484,YPEDILDKHLQRVFPPE
237,DTWS,0.1069642857142857,1,-35.70910612244898,1386.878321428571,2.2234132653061227,-542.3380561224488,YPEDILDKHLQRVDTWS
238,TKVG,0.65625,0,-32.54087037037037,1332.6582510288067,2.3587366255144038,-535.674353909465,YPEDILDKHLQRVTKVG
239,EFMQ,0.1691071428571428,1,-34.223019348268835,1405.8846272912424,2.3208238289205703,-542.0149877800408,YPEDILDKHLQRVEFMQ
240,EKCP,0.5057142857142857,0,-32.95866598778004,1334.917015274949,2.3597718940936865,-538.0315845213848,YPEDILDKHLQRVEKCP
241,SAMA,0.4121428571428571,0,-33.115466257668714,1333.7299846625767,2.3253292433537838,-538.4439846625767,YPEDILDKHLQRVSAMA
242,AVVS,0.7225,0,-32.02412345679012,1307.2216481481482,2.372798353909465,-536.3460565843621,YPEDILDKHLQRVAVVS
243,NEEA,0.4882142857142857,0,-32.04580835881754,1336.487235474006,2.3158093781855253,-538.3707777777778,YPEDILDKHLQRVNEEA
244,PFCI,0.6155357142857143,0,-32.43132004089979,1330.3150388548058,2.3932883435582823,-537.8277433537833,YPEDILDKHLQRVPFCI
245,TFLK,0.25,1,-33.26949847094801,1404.0010723751277,2.32676758409786,-539.5181141692151,YPEDILDKHLQRVTFLK
246,PFLR,0.7882142857142856,0,-31.418048879837063,1323.7916262729125,2.404152749490835,-536.4941558044806,YPEDILDKHLQRVPFLR
247,EVIP,0.2416071428571428,1,-33.68616260162601,1359.3525030487806,2.235313008130081,-539.0123282520326,YPEDILDKHLQRVEVIP
248,PSEA,0.5810714285714286,0,-31.76521106557377,1321.3353288934427,2.3894293032786886,-540.0566024590164,YPEDILDKHLQRVPSEA
249,ELYA,0.3183928571428571,0,-33.983902464065714,1381.093772073922,2.312163244353183,-537.8303778234086,YPEDILDKHLQRVELYA
250,SHSQ,0.4142857142857143,0,-32.28489350912779,1335.1600547667342,2.3216359026369173,-540.3594432048683,YPEDILDKHLQRVSHSQ
251,YCEY,0.1369642857142857,1,-33.741160164271044,1422.9922453798767,2.3040646817248462,-541.206273100616,YPEDILDKHLQRVYCEY
252,CTSS,0.5469642857142857,0,-32.30535845213849,1302.127132382892,2.346205702647658,-538.3794694501019,YPEDILDKHLQRVCTSS
253,ASFS,0.4910714285714285,0,-33.43475510204081,1354.1174,2.2977989795918368,-534.5080908163264,YPEDILDKHLQRVASFS
254,AVPL,0.605,0,-32.03672989690722,1312.2889639175255,2.4491216494845363,-540.3645989690722,YPEDILDKHLQRVAVPL
255,SGGP,0.6208928571428571,0,-31.56085154639175,1281.7022402061857,2.3365639175257726,-538.0307020618557,YPEDILDKHLQRVSGGP
256,RDAF,0.4691071428571428,0,-33.07597244897959,1343.6527602040817,2.314514285714286,-537.0327387755102,YPEDILDKHLQRVRDAF
257,PGTY,0.5758928571428571,0,-32.61899281314168,1363.9737607802874,2.393805954825462,-537.4464897330596,YPEDILDKHLQRVPGTY
258,CCNQ,0.3391071428571428,0,-32.96273895169579,1365.2472517985611,2.327641315519013,-539.4988674203495,YPEDILDKHLQRVCCNQ
259,LMDV,0.4935714285714285,0,-33.902688591983555,1388.03595991778,2.3960637204522097,-536.7261202466598,YPEDILDKHLQRVLMDV
260,QNEL,0.2301785714285714,1,-33.51687740628166,1401.3066930091186,2.242370820668693,-537.9862958459979,YPEDILDKHLQRVQNEL
261,YTLQ,0.3385714285714286,0,-34.05930777096115,1420.696170756646,2.3298425357873214,-536.5944805725971,YPEDILDKHLQRVYTLQ
262,TSPP,0.5542857142857143,0,-32.098752556237216,1310.4551145194273,2.3408374233128835,-538.2155071574642,YPEDILDKHLQRVTSPP
263,NFTL,0.6082142857142857,0,-31.63784269662921,1341.1412104187948,2.321179775280899,-536.8858937691523,YPEDILDKHLQRVNFTL
264,VDTR,0.5207142857142857,0,-33.70617160367723,1419.6696189989786,2.4101971399387128,-534.9287477017365,YPEDILDKHLQRVVDTR
265,FRVN,0.4785714285714285,0,-33.46330572597137,1396.0449263803682,2.368377300613497,-536.5221063394683,YPEDILDKHLQRVFRVN
266,EDSS,0.4366071428571428,0,-32.98952556237219,1334.214290388548,2.309854805725972,-537.8338312883435,YPEDILDKHLQRVEDSS
267,KDNP,0.51875,0,-30.825304703476483,1328.4160337423314,2.2600848670756646,-538.3909775051125,YPEDILDKHLQRVKDNP
268,LHWL,0.1728571428571428,1,-34.46566357069144,1441.1991764705883,2.3533446852425177,-541.4023787409701,YPEDILDKHLQRVLHWL
269,PSSY,0.6442857142857144,0,-31.62136016511868,1324.888778121775,2.359278637770898,-537.7811744066047,YPEDILDKHLQRVPSSY
270,RESP,0.5742857142857143,0,-30.745757142857144,1312.4209163265307,2.3007520408163264,-538.3692622448981,YPEDILDKHLQRVRESP
271,PPCG,0.6980357142857142,0,-31.160737384140063,1282.8902296601443,2.393662203913491,-538.6594253347065,YPEDILDKHLQRVPPCG
272,EMQI,0.5023214285714286,0,-32.80167589743589,1362.2399507692307,2.40108,-538.6310994871795,YPEDILDKHLQRVEMQI
273,EPCY,0.3,0,-33.391679591836734,1381.6891826530612,2.3431122448979598,-539.9050989795918,YPEDILDKHLQRVEPCY
274,LCNV,0.4975,0,-32.77442405708461,1373.6136085626913,2.378939857288481,-537.9917084607542,YPEDILDKHLQRVLCNV
275,PTEM,0.2998214285714285,0,-33.36855386178862,1363.4106097560975,2.298996951219512,-538.9244512195122,YPEDILDKHLQRVPTEM
276,NARQ,0.5141071428571429,0,-32.157265848670754,1397.6872842535786,2.340231083844581,-536.6583578732107,YPEDILDKHLQRVNARQ
277,PEMK,0.5541071428571429,0,-32.07237563451777,1347.523296446701,2.416006091370558,-539.9381147208122,YPEDILDKHLQRVPEMK
278,RIIY,0.5249999999999999,0,-31.94821703853956,1406.9715020283977,2.3400638945233263,-536.5209939148073,YPEDILDKHLQRVRIIY
279,GGNA,0.94,0,-30.6307891504606,1275.24258444217,2.4456919140225177,-533.6285496417605,YPEDILDKHLQRVGGNA
280,GVNP,0.5853571428571429,0,-31.20048205128205,1287.6820123076925,2.3401466666666666,-539.2580953846153,YPEDILDKHLQRVGVNP
281,PSRS,0.69,0,-32.11905532786885,1362.4696086065574,2.379329918032787,-535.3247202868853,YPEDILDKHLQRVPSRS
282,SHTF,0.4230357142857143,0,-32.90771030927835,1376.397893814433,2.30569793814433,-536.9034742268041,YPEDILDKHLQRVSHTF
283,GEYA,0.5457142857142857,0,-33.28991914022517,1339.8331484135108,2.339323439099284,-536.0392814738997,YPEDILDKHLQRVGEYA
284,PYSK,0.6673214285714285,0,-31.798895384615385,1343.179933333333,2.4488266666666667,-538.2270482051282,YPEDILDKHLQRVPYSK
285,YPWK,0.3798214285714285,0,-34.84739653414883,1466.9417298674823,2.3690907237512744,-536.0710652395516,YPEDILDKHLQRVYPWK
286,KFHA,0.7196428571428571,0,-30.91245041322314,1349.990430785124,2.324544421487603,-534.0634421487604,YPEDILDKHLQRVKFHA
287,CKFS,0.4194642857142857,0,-33.97061899897855,1381.3257681307457,2.2964259448416757,-534.333899897855,YPEDILDKHLQRVCKFS
288,YPDK,0.3751785714285715,0,-33.755303553299484,1422.3236730964468,2.45412385786802,-538.634854822335,YPEDILDKHLQRVYPDK
289,KLPK,0.5932142857142857,0,-30.965621319796952,1344.72778071066,2.321074111675127,-537.853061928934,YPEDILDKHLQRVKLPK
290,RFMG,0.6223214285714286,0,-31.75448065173116,1351.850485743381,2.332344195519348,-536.52783299389,YPEDILDKHLQRVRFMG
291,FSRA,0.3330357142857142,0,-34.01105527123848,1419.1432077789152,2.3714339815762533,-538.0254483111567,YPEDILDKHLQRVFSRA
292,TERV,0.2144642857142857,1,-34.130439593908626,1398.7939421319795,2.3076659898477163,-539.0023076142132,YPEDILDKHLQRVTERV
293,TASK,0.4301785714285714,0,-32.834462564102566,1358.7714615384618,2.363556923076923,-539.2556317948719,YPEDILDKHLQRVTASK
294,QETY,0.4760714285714286,0,-32.91662054933876,1376.360462868769,2.316712105798576,-536.0858250254323,YPEDILDKHLQRVQETY
295,TEIN,0.3564285714285714,0,-32.92010365853658,1351.703237804878,2.283541666666667,-538.3006239837398,YPEDILDKHLQRVTEIN
296,YRVE,0.4751785714285714,0,-33.31523132036848,1418.8425803480045,2.3751054247697034,-535.9779252814739,YPEDILDKHLQRVYRVE
297,LTRE,0.3035714285714286,0,-33.22956281920327,1430.978226762002,2.310302349336057,-537.2490245148109,YPEDILDKHLQRVLTRE
298,NPKA,0.5457142857142857,0,-31.59593188854489,1362.9325861713105,2.358356037151703,-538.630894736842,YPEDILDKHLQRVNPKA
299,LTPC,0.5341071428571429,0,-32.53780598555211,1332.2337027863778,2.409046439628483,-539.6844778121774,YPEDILDKHLQRVLTPC
400,VETRR,0.6355357142857142,0,-31.869841513292435,1376.417053169734,2.38800408997955,-537.0051676891616,YPEDILDKHLQRVVETRR
401,GSTAG,0.5948214285714286,0,-31.332329166666668,1276.9140385416663,2.332917708333333,-538.7099531250001,YPEDILDKHLQRVGSTAG
402,ANYLR,0.3730357142857142,0,-33.29017857142857,1435.037017346939,2.3670387755102045,-537.5141591836734,YPEDILDKHLQRVANYLR
403,YAQYF,0.0816071428571428,1,-34.1258275510204,1486.3290806122448,2.300917346938776,-541.0525132653061,YPEDILDKHLQRVYAQYF
404,KCQTK,0.2851785714285714,0,-32.052806352459015,1375.523455942623,2.2316875000000005,-540.831762295082,YPEDILDKHLQRVKCQTK
405,DPALT,0.3314285714285714,0,-34.78650764525994,1371.0996911314985,2.332261977573904,-538.1057084607543,YPEDILDKHLQRVDPALT
406,RMEFP,0.45625,0,-31.3043628950051,1411.8762517838938,2.2781192660550458,-536.9797696228339,YPEDILDKHLQRVRMEFP
407,PKPKT,0.8285714285714286,0,-30.652602249488755,1321.8070572597137,2.482385480572597,-537.1821226993865,YPEDILDKHLQRVPKPKT
408,DGQVL,0.3657142857142857,0,-35.68731729785057,1379.54605629478,2.3045844421699075,-536.4469723643808,YPEDILDKHLQRVDGQVL
409,RRFGS,0.6751785714285714,0,-31.554801635991826,1367.7554130879346,2.3299478527607365,-530.1500562372188,YPEDILDKHLQRVRRFGS
410,LPSET,0.3596428571428571,0,-31.72668807339449,1364.6930703363917,2.283476044852192,-541.2025677879714,YPEDILDKHLQRVLPSET
411,YHSFC,0.2560714285714285,1,-33.07028571428571,1436.878062692703,2.3597255909558066,-540.1319270298047,YPEDILDKHLQRVYHSFC
412,IYVFY,0.2751785714285714,1,-33.303960446247466,1436.2937718052738,2.279464503042596,-536.8501947261663,YPEDILDKHLQRVIYVFY
413,QPGLQ,0.4110714285714286,0,-31.87749341438703,1350.7324356636273,2.298770010131712,-539.624147922999,YPEDILDKHLQRVQPGLQ
414,KDTKV,0.6299999999999999,0,-31.279920570264764,1374.7640112016295,2.29718533604888,-532.9944215885946,YPEDILDKHLQRVKDTKV
415,ELFLQ,0.2957142857142857,0,-35.91623848515865,1452.9804431934494,2.304630501535312,-535.3531371545548,YPEDILDKHLQRVELFLQ
416,SSLNR,0.6658928571428571,0,-31.557824543610547,1355.938844827586,2.3522819472616634,-536.5520669371197,YPEDILDKHLQRVSSLNR
417,NYKLG,0.6283928571428572,0,-32.30898774259448,1407.5159693564865,2.3813513789581204,-531.1724269662922,YPEDILDKHLQRVNYKLG
418,RAGTE,0.7403571428571428,0,-30.522547400611614,1317.1556656472987,2.360564729867482,-537.2314485219164,YPEDILDKHLQRVRAGTE
419,MSNIV,0.4223214285714285,0,-32.7877964876033,1394.7471756198345,2.3864762396694217,-538.7666859504133,YPEDILDKHLQRVMSNIV
420,MAVGP,0.5535714285714286,0,-32.35801341589267,1333.8664705882352,2.3647750257997937,-538.3274416924664,YPEDILDKHLQRVMAVGP
421,TSAYL,0.2378571428571428,1,-32.92074153846154,1404.902772307692,2.3031087179487177,-539.4497548717949,YPEDILDKHLQRVTSAYL
422,FFEAD,0.465,0,-33.90575754422477,1386.8070967741935,2.371080124869928,-536.7402268470344,YPEDILDKHLQRVFFEAD
423,VSVKK,0.4805357142857143,0,-32.351683026584865,1389.2640541922292,2.353428425357873,-537.7744110429447,YPEDILDKHLQRVVSVKK
424,SYSAK,0.7907142857142857,0,-30.54935384615385,1285.7169825641026,2.3884082051282056,-537.3784143589743,YPEDILDKHLQRVSYSAK
425,EEFFQ,0.2433928571428571,1,-35.404077471967376,1490.9309041794088,2.2551039755351683,-535.1705677879715,YPEDILDKHLQRVEEFFQ
426,LENDM,0.3389285714285714,0,-32.94003586065574,1398.2565901639346,2.2908422131147543,-537.3789805327868,YPEDILDKHLQRVLENDM
427,SSSNT,0.8110714285714286,0,-30.8828659160696,1311.753121801433,2.362339815762539,-535.2557236438076,YPEDILDKHLQRVSSSNT
428,SEVHQ,0.3642857142857143,0,-32.498830612244895,1373.4894265306125,2.2588653061224493,-537.9331795918368,YPEDILDKHLQRVSEVHQ
429,EIGTR,0.5257142857142857,0,-31.521143004115224,1331.8929063786009,2.3430174897119342,-539.6395627572017,YPEDILDKHLQRVEIGTR
430,QADLQ,0.2933928571428571,0,-33.76920837589377,1415.631431052094,2.314583248212461,-537.4506813074566,YPEDILDKHLQRVQADLQ
431,THEYD,0.1301785714285714,1,-33.622872188139056,1448.0243231083844,2.2557842535787325,-538.7020214723927,YPEDILDKHLQRVTHEYD
432,KVINM,0.4473214285714285,0,-31.859305725971367,1375.939288343558,2.2614059304703478,-537.4313456032719,YPEDILDKHLQRVKVINM
433,VGGYH,0.3203571428571428,0,-33.45992489711934,1402.0362798353908,2.3165720164609054,-537.689279835391,YPEDILDKHLQRVVGGYH
434,NLKLI,0.4448214285714286,0,-32.5204462640737,1432.2284032753323,2.363767656090072,-537.2705435005117,YPEDILDKHLQRVNLKLI
435,ITNVT,0.4575,0,-32.21072839506173,1353.5196718106995,2.361601851851852,-540.8380853909465,YPEDILDKHLQRVITNVT
436,YKGVR,0.7991071428571429,0,-31.25066563786008,1351.540267489712,2.4353456790123458,-536.1768559670782,YPEDILDKHLQRVYKGVR
437,NGFVQ,0.3612499999999999,0,-33.90501438848921,1417.449368961973,2.304118191161357,-534.9183340184994,YPEDILDKHLQRVNGFVQ
438,KEKSC,0.5941071428571428,0,-30.92224462640737,1367.54811258956,2.285732855680655,-536.3298311156602,YPEDILDKHLQRVKEKSC
439,IYPSS,0.7264285714285714,0,-31.302730612244897,1292.0987602040818,2.37394387755102,-537.5921275510203,YPEDILDKHLQRVIYPSS
440,YAYLT,0.4428571428571428,0,-34.04139653414883,1452.0913180428136,2.4217849133537204,-536.3336381243629,YPEDILDKHLQRVYAYLT
441,VILRV,0.3291071428571428,0,-32.19591521961185,1390.56217773238,2.326483146067416,-541.2834341164454,YPEDILDKHLQRVVILRV
442,KCLSG,0.4875,0,-31.190293936279552,1328.8285405960944,2.254464542651593,-538.5785724563207,YPEDILDKHLQRVKCLSG
443,FSTST,0.6323214285714286,0,-32.58144626407369,1378.2794524053224,2.396064483111566,-535.722758444217,YPEDILDKHLQRVFSTST
444,LQQRT,0.3426785714285714,0,-33.07288559754852,1437.8243942798774,2.3609080694586315,-537.9934433094995,YPEDILDKHLQRVLQQRT
445,SPNFS,0.2767857142857143,1,-32.27857451181912,1381.7468550873589,2.272289825282632,-541.0188355601234,YPEDILDKHLQRVSPNFS
446,EVKCQ,0.1453571428571428,1,-33.87199590583419,1419.5471381780962,2.292221084953941,-539.5595516888434,YPEDILDKHLQRVEVKCQ
447,YLQQA,0.4094642857142857,0,-32.877470468431774,1406.4014215885948,2.389282077393075,-538.518884928717,YPEDILDKHLQRVYLQQA
448,SKQYP,0.1003571428571428,1,-33.35090050761421,1424.662923857868,2.2044081218274107,-540.5534862944163,YPEDILDKHLQRVSKQYP
449,HIPKK,0.6103571428571428,0,-30.87054012345679,1361.2025514403292,2.413021604938272,-540.1972777777777,YPEDILDKHLQRVHIPKK
450,WLTSS,0.4980357142857142,0,-32.58919630010278,1382.2431130524153,2.3784398766700923,-537.9371171634122,YPEDILDKHLQRVWLTSS
451,EPEDR,0.2817857142857142,0,-32.40978586065574,1384.3174795081966,2.181538934426229,-538.9173125,YPEDILDKHLQRVEPEDR
452,ALCNA,0.6767857142857143,0,-31.252770726714434,1307.6644636642784,2.395125895598772,-538.6971351074719,YPEDILDKHLQRVALCNA
453,QNKQP,0.5083928571428572,0,-31.973809378185525,1406.535753312946,2.334689092762487,-536.6129378185525,YPEDILDKHLQRVQNKQP
454,EEEVV,0.5482142857142857,0,-33.19588559754852,1376.1951807967314,2.365196118488253,-535.8384708886618,YPEDILDKHLQRVEEEVV
455,KSFCR,0.4866071428571429,0,-32.34178309572302,1385.1877892057023,2.2456272912423625,-533.1984164969451,YPEDILDKHLQRVKSFCR
456,QYRCP,0.2960714285714286,0,-33.062791366906474,1410.3810472764646,2.243066803699897,-536.9350781089414,YPEDILDKHLQRVQYRCP
457,TSCRS,0.6485714285714286,0,-31.76344398766701,1360.2544511819117,2.4184624871531346,-537.9746927029804,YPEDILDKHLQRVTSCRS
458,IAICR,0.4696428571428571,0,-32.52677628865979,1362.2062618556702,2.32759587628866,-537.7402257731959,YPEDILDKHLQRVIAICR
459,EDDLA,0.1008928571428571,1,-35.33193068297655,1408.40479714577,2.2557227319062183,-540.0879959225281,YPEDILDKHLQRVEDDLA
460,GNPPC,0.6985714285714285,0,-31.10175912408759,1262.9479791449426,2.393215849843587,-538.9234775808134,YPEDILDKHLQRVGNPPC
461,YHPMY,0.365,0,-33.2246571136131,1429.0612200614123,2.3693050153531217,-537.894473899693,YPEDILDKHLQRVYHPMY
462,GISSY,0.72,0,-31.12441219008264,1273.7773512396695,2.4009204545454543,-538.560785123967,YPEDILDKHLQRVGISSY
463,IFTLK,0.5408928571428571,0,-32.27117835051546,1391.5338711340205,2.382449484536082,-537.5298659793815,YPEDILDKHLQRVIFTLK
464,TETTF,0.4648214285714285,0,-32.43766802860061,1369.958680286006,2.3128692543411646,-537.3747660878447,YPEDILDKHLQRVTETTF
465,ISIAN,0.3978571428571428,0,-32.47228527291452,1354.116938208033,2.280274974253347,-538.1915108135943,YPEDILDKHLQRVISIAN
466,PGELA,0.5421428571428571,0,-32.76894057377049,1376.5860061475407,2.3795286885245903,-537.1335276639344,YPEDILDKHLQRVPGELA
467,SRQTQ,0.4703571428571428,0,-32.3907011258956,1362.059327533265,2.3524114636642786,-538.7162824974412,YPEDILDKHLQRVSRQTQ
468,RKTSA,0.6621428571428571,0,-30.27980164439877,1318.5582086330935,2.273204522096608,-536.3510236382323,YPEDILDKHLQRVRKTSA
469,KSMDI,0.2821428571428571,0,-32.53228863868987,1400.2207164790173,2.281761514841351,-538.8049529170931,YPEDILDKHLQRVKSMDI
470,DSLGL,0.2444642857142857,1,-35.00584307692308,1367.6919825641028,2.295445128205128,-538.8558102564103,YPEDILDKHLQRVDSLGL
471,ILEKP,0.6128571428571428,0,-31.80062906504065,1390.1415376016262,2.3424227642276425,-534.9916991869918,YPEDILDKHLQRVILEKP
472,APFRF,0.4217857142857143,0,-33.847602459016386,1463.324358606557,2.353644467213115,-532.8044989754098,YPEDILDKHLQRVAPFRF
473,PASCV,0.7041071428571428,0,-31.681305699481864,1320.9694642487043,2.4371803108808288,-538.0758891191709,YPEDILDKHLQRVPASCV
474,KQLAL,0.6567857142857143,0,-31.349254395036198,1343.1680392967942,2.352251292657704,-537.35408893485,YPEDILDKHLQRVKQLAL
475,KPMYF,0.3108928571428572,0,-32.79319571865443,1443.7793343527012,2.2298909276248726,-536.092872579001,YPEDILDKHLQRVKPMYF
476,GSPYS,0.32375,0,-32.42511384615385,1360.737276923077,2.279758974358974,-540.0417528205129,YPEDILDKHLQRVGSPYS
477,PAIRS,0.8092857142857143,0,-31.42146399176955,1364.909174897119,2.468908436213992,-534.9916995884774,YPEDILDKHLQRVPAIRS
478,VLGKP,0.655,0,-31.37690408163265,1331.0491020408165,2.379852040816327,-538.2767418367346,YPEDILDKHLQRVVLGKP
479,YEYCP,0.4403571428571428,0,-33.76885832471561,1414.7538128231645,2.352096173733196,-535.3309286452948,YPEDILDKHLQRVYEYCP
480,LQLNK,0.3557142857142857,0,-32.50157857142857,1392.0317653061222,2.306644897959184,-538.2252142857143,YPEDILDKHLQRVLQLNK
481,LVFAF,0.3851785714285714,0,-33.883763747454175,1425.930431771894,2.3272199592668024,-534.9171323828921,YPEDILDKHLQRVLVFAF
482,TYNNT,0.5189285714285714,0,-31.217938335046245,1340.7188098663928,2.3454563206577594,-541.0072641315519,YPEDILDKHLQRVTYNNT
483,SSKTR,0.5767857142857142,0,-31.43706461538461,1376.3701076923078,2.348739487179487,-537.6351446153847,YPEDILDKHLQRVSSKTR
484,CENNI,0.4139285714285714,0,-32.16450916496945,1351.3845539714864,2.337588594704684,-542.7750865580448,YPEDILDKHLQRVCENNI
485,IKCSQ,0.42,0,-32.433062436028656,1363.7776131013306,2.351379733879222,-539.891209825998,YPEDILDKHLQRVIKCSQ
486,PTQAR,0.5560714285714285,0,-31.890937369519836,1345.9129739039663,2.403503131524008,-540.3838716075156,YPEDILDKHLQRVPTQAR
487,EELGF,0.2260714285714285,1,-34.02076725025747,1357.9145066941298,2.2912471678681765,-540.634780638517,YPEDILDKHLQRVEELGF
488,HLKWG,0.2889285714285714,0,-33.85023487179487,1486.536881025641,2.3562943589743592,-537.7789415384615,YPEDILDKHLQRVHLKWG
489,GHIYA,0.2769642857142857,1,-33.20779631525077,1392.8436049129991,2.279267144319345,-538.086758444217,YPEDILDKHLQRVGHIYA
490,STITD,0.3867857142857143,0,-32.831613003095974,1353.2175531475748,2.321267285861713,-538.7762239422085,YPEDILDKHLQRVSTITD
491,EFLSR,0.42,0,-32.61141932168551,1343.7656166495374,2.310319630010277,-538.4541932168551,YPEDILDKHLQRVEFLSR
492,HRPGT,0.6605357142857142,0,-31.00724487704918,1315.23406352459,2.376123975409836,-538.786862704918,YPEDILDKHLQRVHRPGT
493,NEQFT,0.1551785714285714,1,-32.957907881269186,1415.0275117707267,2.2395373592630503,-539.7847717502559,YPEDILDKHLQRVNEQFT
494,TFTGA,0.7430357142857142,0,-31.83142414860681,1322.8090660474716,2.357103199174407,-534.7572022703819,YPEDILDKHLQRVTFTGA
495,KTQKK,0.4314285714285714,0,-30.99633910386965,1395.717583503055,2.3240071283095727,-539.4604490835031,YPEDILDKHLQRVKTQKK
496,QCTTC,0.4875,0,-31.98010975609756,1370.642833333333,2.2699888211382118,-536.6655101626017,YPEDILDKHLQRVQCTTC
497,HKDTC,0.2346428571428571,1,-33.22432515337423,1388.5684887525565,2.2810685071574643,-539.0957586912066,YPEDILDKHLQRVHKDTC
498,LALEL,0.2487499999999999,1,-33.25810214504597,1425.0672461695608,2.3515556690500508,-540.0158140960165,YPEDILDKHLQRVLALEL
499,PIPPK,0.7164285714285714,0,-30.609901336074,1283.936748201439,2.4606978417266188,-540.1330822199384,YPEDILDKHLQRVPIPPK
600,ADAPIV,0.6701785714285715,0,-31.90249531737773,1278.100883454735,2.429706555671176,-538.8539739854318,YPEDILDKHLQRVADAPIV
601,NHVEEE,0.4658928571428571,0,-31.836308401639343,1356.4929979508197,2.29544774590164,-538.1506741803279,YPEDILDKHLQRVNHVEEE
602,CIKTQL,0.4764285714285714,0,-31.963816390041497,1366.8697095435684,2.2918973029045646,-537.4479595435685,YPEDILDKHLQRVCIKTQL
603,PISCVW,0.76375,0,-31.206022916666665,1292.3394604166667,2.4869510416666665,-538.226834375,YPEDILDKHLQRVPISCVW
604,DDRGET,0.1555357142857142,1,-35.47183299180328,1388.3003790983605,2.176133196721312,-538.8968422131147,YPEDILDKHLQRVDDRGET
605,QQKTRS,0.5205357142857142,0,-31.542449691991784,1371.240017453799,2.285585215605749,-536.9322885010267,YPEDILDKHLQRVQQKTRS
606,YKKTKK,0.5685714285714285,0,-31.89506857727737,1408.353625383828,2.371145342886387,-536.7326827021494,YPEDILDKHLQRVYKKTKK
607,VRTSSI,0.6773214285714286,0,-31.517484536082478,1316.462111340206,2.3372154639175258,-536.6862154639176,YPEDILDKHLQRVVRTSSI
608,MFIDFR,0.3558928571428571,0,-32.643935185185185,1384.0585360082302,2.2591985596707818,-537.4915277777778,YPEDILDKHLQRVMFIDFR
609,KMDFLE,0.5589285714285714,0,-32.0536683831102,1406.4645221421215,2.348959835221421,-535.8038403707518,YPEDILDKHLQRVKMDFLE
610,KNKVLN,0.6007142857142858,0,-31.13414432989691,1385.9213360824742,2.3729711340206188,-537.9267896907216,YPEDILDKHLQRVKNKVLN
611,EMRNPP,0.2451785714285714,1,-33.05358385093167,1406.124953416149,2.2721966873706005,-538.3252660455487,YPEDILDKHLQRVEMRNPP
612,LEKCAA,0.5644642857142856,0,-32.45354179566564,1386.1250134158925,2.368777089783282,-536.6102796697627,YPEDILDKHLQRVLEKCAA
613,ELGDLR,0.49,0,-32.44781217750258,1327.76408875129,2.318072239422085,-538.0106914344685,YPEDILDKHLQRVELGDLR
614,VRLVTV,0.4585714285714286,0,-33.046823892893926,1364.3357868177136,2.3392729145211124,-537.4224860968075,YPEDILDKHLQRVVRLVTV
615,DCLAAN,0.2417857142857143,1,-35.023059006211184,1344.213059006211,2.234014492753623,-538.7323229813665,YPEDILDKHLQRVDCLAAN
616,NNTVSP,0.5848214285714286,0,-31.983289366053167,1348.2558220858896,2.325402862985685,-536.726391615542,YPEDILDKHLQRVNNTVSP
617,KFLIPN,0.6585714285714286,0,-31.64834081632653,1362.9746275510206,2.36680306122449,-536.7744653061225,YPEDILDKHLQRVKFLIPN
618,RVMDMK,0.385,0,-32.347428280773144,1373.271001017294,2.306291963377416,-538.6248555442523,YPEDILDKHLQRVRVMDMK
619,AAGSDV,0.7328571428571429,0,-31.30805025641025,1263.2412266666668,2.4301866666666663,-538.5750902564102,YPEDILDKHLQRVAAGSDV
620,KVEYYI,0.2778571428571428,1,-31.941353001017298,1427.271069175992,2.159971515768057,-538.3352624618515,YPEDILDKHLQRVKVEYYI
621,AFFIFG,0.3758928571428571,0,-34.27549589322382,1395.021246406571,2.33529979466119,-536.770386036961,YPEDILDKHLQRVAFFIFG
622,AVSARR,0.77875,0,-30.68547167868177,1273.8006416065912,2.366154479917611,-537.0763357363543,YPEDILDKHLQRVAVSARR
623,GCVDRS,0.6816071428571429,0,-31.95187474541752,1304.831014256619,2.320044806517312,-534.8880987780041,YPEDILDKHLQRVGCVDRS
624,YHSFVL,0.4067857142857143,0,-32.62560061601643,1406.8666427104724,2.357299794661191,-538.1262279260781,YPEDILDKHLQRVYHSFVL
625,NPQKNI,0.4671428571428571,0,-31.67594704684318,1382.0450407331975,2.373487780040733,-541.6928778004072,YPEDILDKHLQRVNPQKNI
626,DLEIWA,0.0942857142857142,1,-34.76417551020409,1402.290419387755,2.2256989795918365,-540.7185540816326,YPEDILDKHLQRVDLEIWA
627,TLPTNC,0.7451785714285715,0,-31.34918552497452,1317.7447380224262,2.3971896024464834,-537.3439102956166,YPEDILDKHLQRVTLPTNC
628,PTMSPQ,0.8091071428571429,0,-31.9937048503612,1317.1118328173377,2.420116615067079,-534.5838194014448,YPEDILDKHLQRVPTMSPQ
629,PFILQI,0.5130357142857143,0,-32.611942446043166,1359.285945529291,2.4283412127440904,-539.3948643371017,YPEDILDKHLQRVPFILQI
630,FQCEGT,0.6010714285714286,0,-32.07678345250255,1361.1464198161389,2.332541368743616,-536.0051246169561,YPEDILDKHLQRVFQCEGT
631,IPMRDK,0.3233928571428571,0,-32.654479017400206,1421.6369672466735,2.3582896622313205,-539.3184872057318,YPEDILDKHLQRVIPMRDK
632,PLKRED,0.7348214285714285,0,-31.21184114052953,1404.1339562118126,2.493887983706721,-536.0502780040732,YPEDILDKHLQRVPLKRED
633,CEAMND,0.5107142857142857,0,-33.012026694045176,1357.2167761806984,2.424247433264888,-538.6321694045174,YPEDILDKHLQRVCEAMND
634,WSKLRR,0.5723214285714286,0,-32.083656670113754,1424.7049855222335,2.432123061013444,-536.9468438469494,YPEDILDKHLQRVWSKLRR
635,IPSTNC,0.6039285714285715,0,-31.85526735751295,1342.13905492228,2.3371326424870467,-537.1108507772021,YPEDILDKHLQRVIPSTNC
636,VWSEQK,0.5764285714285714,0,-31.174856854838712,1323.2673316532257,2.338342741935484,-538.8564949596774,YPEDILDKHLQRVVWSEQK
637,GAKTPS,0.66125,0,-31.27669826707441,1336.1994689092762,2.3455963302752294,-537.3013730886851,YPEDILDKHLQRVGAKTPS
638,REGCHC,0.7601785714285714,0,-30.437055785123967,1288.5775320247933,2.3694555785123965,-537.5153801652892,YPEDILDKHLQRVREGCHC
639,FHPRWE,0.7183928571428572,0,-31.74490030832477,1382.1097070914698,2.458694758478932,-536.2964110996916,YPEDILDKHLQRVFHPRWE
640,RIKDRN,0.5751785714285714,0,-30.86204378818737,1370.9766496945008,2.2243543788187377,-535.7847169042769,YPEDILDKHLQRVRIKDRN
641,RPFLRA,0.3985714285714286,0,-32.376922685656154,1425.090947100712,2.246507629704985,-535.1419582909461,YPEDILDKHLQRVRPFLRA
642,SDGWPV,0.5662499999999999,0,-32.81325641025641,1360.178081025641,2.3997292307692306,-537.6205723076922,YPEDILDKHLQRVSDGWPV
643,PACGIF,0.7839285714285714,0,-31.21768257261411,1289.546608921162,2.4721462655601654,-537.8938796680497,YPEDILDKHLQRVPACGIF
644,SPALSA,0.7046428571428571,0,-32.05428144329897,1319.292345360825,2.3668958762886594,-536.2112721649485,YPEDILDKHLQRVSPALSA
645,YSEGVE,0.5194642857142857,0,-32.09584512820513,1365.8737784615384,2.3887651282051285,-539.1040051282051,YPEDILDKHLQRVYSEGVE
646,PDRGGP,0.4962499999999999,0,-32.15086400817996,1344.5417842535785,2.3580163599182,-539.3603486707567,YPEDILDKHLQRVPDRGGP
647,GSYLRT,0.6017857142857143,0,-33.34358367768595,1364.4758347107438,2.378048553719008,-534.7192634297521,YPEDILDKHLQRVGSYLRT
648,TSVICP,0.4457142857142858,0,-33.34903586065574,1376.6671045081969,2.343170081967213,-537.0457151639345,YPEDILDKHLQRVTSVICP
649,DVTSEV,0.2553571428571428,1,-33.871396711202465,1325.2306022610485,2.234995889003083,-539.5169352517987,YPEDILDKHLQRVDVTSEV
650,RGLGCH,0.5475,0,-31.211275154004102,1339.0713788501027,2.311336755646817,-538.2570924024641,YPEDILDKHLQRVRGLGCH
651,SLKDTR,0.5555357142857142,0,-31.790859053497943,1355.3894022633744,2.279215020576132,-536.2972150205761,YPEDILDKHLQRVSLKDTR
652,NDYSTA,0.4969642857142857,0,-32.34757435897436,1346.0040861538464,2.2796092307692306,-536.8522348717948,YPEDILDKHLQRVNDYSTA
653,NLQVRL,0.48875,0,-32.254677983539096,1357.246215020576,2.363681069958848,-539.1127890946502,YPEDILDKHLQRVNLQVRL
654,SIRKLT,0.3142857142857143,0,-32.183260469867214,1404.0923524004088,2.2879897854954034,-538.7256833503575,YPEDILDKHLQRVSIRKLT
655,ISSRLL,0.5844642857142858,0,-31.64369805527124,1385.863681678608,2.398337768679632,-538.0902323439101,YPEDILDKHLQRVISSRLL
656,NPYLRL,0.4448214285714286,0,-33.07887163561077,1401.149358178054,2.3638084886128365,-537.307469979296,YPEDILDKHLQRVNPYLRL
657,NPPPGW,0.6883928571428571,0,-30.9299576008273,1277.3651034126165,2.337075491209928,-537.6343433298863,YPEDILDKHLQRVNPPPGW
658,EPGAVR,0.6616071428571428,0,-31.6044158004158,1281.0087390852389,2.315180873180873,-536.6829677754678,YPEDILDKHLQRVEPGAVR
659,ASIQGG,0.5735714285714285,0,-32.70395514780836,1341.0179877675844,2.3446238532110093,-536.5626850152904,YPEDILDKHLQRVASIQGG
660,KDYQQT,0.3805357142857142,0,-32.84859794871795,1414.3360543589745,2.2367528205128204,-533.8588184615385,YPEDILDKHLQRVKDYQQT
661,GQRFSD,0.1298214285714285,1,-33.27449793814433,1412.9388268041237,2.256914432989691,-541.1010515463918,YPEDILDKHLQRVGQRFSD
662,AGVCEE,0.5023214285714286,0,-32.87462461538461,1338.1014615384613,2.359985641025641,-538.1589907692307,YPEDILDKHLQRVAGVCEE
663,NGFFPN,0.2683928571428571,1,-34.01419484536083,1437.5078432989692,2.2580103092783506,-535.8460783505154,YPEDILDKHLQRVNGFFPN
664,VKTSAF,0.7228571428571429,0,-31.196381001021447,1310.7114657814095,2.337908069458631,-536.3044800817161,YPEDILDKHLQRVVKTSAF
665,NLRKGP,0.3283928571428571,0,-31.67897870182556,1409.467453346856,2.306798174442191,-540.0979442190669,YPEDILDKHLQRVNLRKGP
666,NDSSYT,0.6625,0,-31.290536560247165,1295.9608166838314,2.312764160659114,-536.8333244078269,YPEDILDKHLQRVNDSSYT
667,PKTVRG,0.7208928571428572,0,-31.489547052740438,1320.609881075491,2.3979772492244056,-537.5813702171665,YPEDILDKHLQRVPKTVRG
668,QNCQQC,0.6503571428571429,0,-31.976657731958763,1361.6047350515464,2.377426804123711,-536.7616082474227,YPEDILDKHLQRVQNCQQC
669,AFSAIL,0.6926785714285715,0,-31.144945077720205,1281.809433160622,2.4023637305699483,-539.090349222798,YPEDILDKHLQRVAFSAIL
670,GITDVT,0.6751785714285714,0,-31.38443576567317,1303.4185950668038,2.36607605344296,-537.9957245632065,YPEDILDKHLQRVGITDVT
671,SISTLM,0.7717857142857143,0,-31.19870880829016,1318.7682549222798,2.426582383419689,-537.4527937823834,YPEDILDKHLQRVSISTLM
672,IICAEG,0.4660714285714286,0,-32.20183591331269,1310.871968008256,2.3064117647058824,-538.8033570691434,YPEDILDKHLQRVIICAEG
673,DLPSQD,0.2791071428571428,0,-33.5279,1297.2573546391754,2.245035051546392,-540.3172226804123,YPEDILDKHLQRVDLPSQD
674,GQCLSR,0.6882142857142857,0,-31.9509206185567,1312.131481443299,2.4312505154639177,-538.0685989690722,YPEDILDKHLQRVGQCLSR
675,IYLEAG,0.3855357142857142,0,-32.33025254582484,1362.193733197556,2.2790234215885947,-538.4298910386965,YPEDILDKHLQRVIYLEAG
676,KPPKQA,0.7625,0,-29.72331901840491,1336.0098404907974,2.38959918200409,-537.379899795501,YPEDILDKHLQRVKPPKQA
677,EMVQDK,0.5316071428571428,0,-33.903979253112034,1405.3375,2.4026670124481324,-534.9055767634856,YPEDILDKHLQRVEMVQDK
678,GQKLKQ,0.7658928571428572,0,-31.616868041237115,1357.4596546391751,2.420638144329897,-535.9344164948454,YPEDILDKHLQRVGQKLKQ
679,DVPCFP,0.4085714285714286,0,-33.788847736625506,1318.4210627572018,2.332705761316873,-538.3865349794239,YPEDILDKHLQRVDVPCFP
680,DLLKNL,0.1717857142857143,1,-34.39895496417604,1398.1740122824974,2.284467758444217,-539.1736100307062,YPEDILDKHLQRVDLLKNL
681,ETIPVD,0.4823214285714286,0,-33.78108342022941,1352.5501584984358,2.2970771637122,-533.6487497393117,YPEDILDKHLQRVETIPVD
682,YQIQEA,0.5658928571428572,0,-32.82017985611511,1395.2974552929084,2.439188078108941,-536.8819208633092,YPEDILDKHLQRVYQIQEA
683,RRISLD,0.57125,0,-31.366253306205497,1352.19492370295,2.267648016276704,-536.5225635808749,YPEDILDKHLQRVRRISLD
684,FGKSTG,0.4555357142857143,0,-32.385174767321615,1391.9987921406412,2.359922440537745,-538.2064891416753,YPEDILDKHLQRVFGKSTG
685,VIAEYI,0.7396428571428572,0,-31.628168550873585,1327.5552076053443,2.372399794450154,-536.3313956834533,YPEDILDKHLQRVVIAEYI
686,PSNLVS,0.7350000000000001,0,-31.602166495375126,1346.103510791367,2.4893042137718395,-537.5578910585817,YPEDILDKHLQRVPSNLVS
687,KPIWIR,0.4510714285714285,0,-32.424483539094645,1435.034382716049,2.319576131687243,-535.2069578189299,YPEDILDKHLQRVKPIWIR
688,VGSSLS,0.6296428571428572,0,-31.32883418107833,1323.5251922685657,2.3613774160732453,-538.4421454730417,YPEDILDKHLQRVVGSSLS
689,ALFQGS,0.6110714285714286,0,-33.446747942386835,1365.9007695473251,2.376624485596708,-528.3346615226337,YPEDILDKHLQRVALFQGS
690,CKAKAR,0.7330357142857142,0,-31.385429591836733,1342.147955102041,2.3847653061224485,-536.6950489795919,YPEDILDKHLQRVCKAKAR
691,SLGDIK,0.685,0,-31.395997929606622,1284.8809016563146,2.3302474120082817,-536.8469782608695,YPEDILDKHLQRVSLGDIK
692,VCVKGL,0.6325000000000001,0,-32.03623692307692,1377.9603138461537,2.376193846153846,-536.4365261538462,YPEDILDKHLQRVVCVKGL
693,GSGVGS,0.6507142857142857,0,-31.125236514522825,1259.1726856846474,2.374573651452282,-539.6768288381743,YPEDILDKHLQRVGSGVGS
694,TCQEQL,0.2973214285714285,0,-32.462309403437814,1362.4950667340747,2.271418604651162,-540.6880546006067,YPEDILDKHLQRVTCQEQL
695,QRQTWT,0.4035714285714286,0,-31.47981116751269,1366.496762436548,2.245372588832488,-538.7334,YPEDILDKHLQRVQRQTWT
696,SDTFSL,0.2358928571428571,1,-33.46762947799386,1391.6496079836231,2.285938587512794,-538.7583172978506,YPEDILDKHLQRVSDTFSL
697,KLHNPT,0.7198214285714285,0,-30.52724211597152,1360.088017293998,2.333205493387589,-535.1030427263479,YPEDILDKHLQRVKLHNPT
698,GCPPEA,0.7228571428571429,0,-30.827914225941424,1254.957769874477,2.437372384937239,-539.6084267782427,YPEDILDKHLQRVGCPPEA
699,PRIAHC,0.6289285714285714,0,-31.650200832466183,1314.3390499479708,2.365997918834548,-538.3330728407908,YPEDILDKHLQRVPRIAHC
800,VTLKYTG,0.6648214285714286,0,-31.79889479060266,1377.7567854954036,2.376247191011236,-536.1499295199184,YPEDILDKHLQRVVTLKYTG
801,GPDFCQH,0.2973214285714285,0,-33.07562767039674,1376.5206083418109,2.3090976602238045,-539.1102339776195,YPEDILDKHLQRVGPDFCQH
802,KRVHQFP,0.4517857142857143,0,-31.78906069958848,1399.6114938271603,2.276333333333333,-536.7717366255143,YPEDILDKHLQRVKRVHQFP
803,FTHYPVF,0.3680357142857143,0,-33.682836438923395,1478.5541542443066,2.3219006211180124,-533.3454803312629,YPEDILDKHLQRVFTHYPVF
804,GEEVMIL,0.6783928571428571,0,-31.926776397515525,1340.9579627329192,2.3897267080745337,-537.2170859213251,YPEDILDKHLQRVGEEVMIL
805,NYRHRKK,0.4451785714285714,0,-31.863803497942385,1432.352723251029,2.2863199588477365,-535.8323004115226,YPEDILDKHLQRVNYRHRKK
806,VKDIPGT,0.2428571428571428,1,-33.598032653061225,1385.8208520408164,2.327825510204082,-540.985656122449,YPEDILDKHLQRVVKDIPGT
807,DFYKCRK,0.2889285714285714,0,-34.907380952380954,1428.4046231884058,2.3008219461697723,-536.2768747412008,YPEDILDKHLQRVDFYKCRK
808,EESEKRD,0.5732142857142858,0,-32.02395252837977,1380.8822487100106,2.339970072239422,-536.2357285861713,YPEDILDKHLQRVEESEKRD
809,RTTVVTK,0.6676785714285716,0,-31.04679260780287,1363.716477412731,2.324545174537988,-535.6854671457905,YPEDILDKHLQRVRTTVVTK
810,VWHRQPS,0.6460714285714286,0,-31.854395897435897,1402.7998994871796,2.388061538461538,-535.6232635897436,YPEDILDKHLQRVVWHRQPS
811,KSQKVIS,0.5169642857142858,0,-30.8082252803262,1388.1193374108054,2.350365953109072,-538.9803465851172,YPEDILDKHLQRVKSQKVIS
812,RLNDYRA,0.6160714285714286,0,-30.536185071574646,1348.7803507157464,2.2618333333333336,-536.3841574642126,YPEDILDKHLQRVRLNDYRA
813,PPKPQVP,0.7748214285714285,0,-30.862128440366973,1348.352008154944,2.4402161060142715,-537.3234515800203,YPEDILDKHLQRVPPKPQVP
814,QEPSLTY,0.5603571428571429,0,-31.93092761116856,1350.1563784901757,2.3658603929679423,-538.4551261633919,YPEDILDKHLQRVQEPSLTY
815,CATYPQL,0.1951785714285714,1,-33.31651177072672,1425.9537604912998,2.27171954964176,-538.3474923234392,YPEDILDKHLQRVCATYPQL
816,RFQKVND,0.6705357142857142,0,-31.0587617107943,1396.649151731161,2.394654786150713,-536.7792118126273,YPEDILDKHLQRVRFQKVND
817,ETAEGLK,0.3244642857142857,0,-32.87803623188406,1400.2949658385091,2.2799275362318845,-537.5134886128365,YPEDILDKHLQRVETAEGLK
818,FFIEEMA,0.3885714285714286,0,-32.832946002076845,1403.374344755971,2.3295254413291797,-537.4723873312565,YPEDILDKHLQRVFFIEEMA
819,ATAKVQT,0.8560714285714285,0,-31.40984654471544,1338.8115508130084,2.4668302845528456,-534.4894197154472,YPEDILDKHLQRVATAKVQT
820,APCHPQR,0.5239285714285714,0,-31.8835981595092,1349.589283231084,2.383422290388548,-540.6694038854805,YPEDILDKHLQRVAPCHPQR
821,LFKMNNF,0.2921428571428571,0,-33.18788798370672,1453.9266466395109,2.333890020366599,-537.753431771894,YPEDILDKHLQRVLFKMNNF
822,PEEERYK,0.5501785714285714,0,-31.327468237704924,1364.1861383196722,2.298217213114754,-537.204280737705,YPEDILDKHLQRVPEEERYK
823,LEKPKQD,0.7332142857142857,0,-31.635935884177872,1373.2587238883143,2.3878241985522237,-534.8217166494312,YPEDILDKHLQRVLEKPKQD
824,ASTTQDS,0.7799999999999999,0,-31.380104830421377,1313.4157738951694,2.3894614594039054,-536.5374388489208,YPEDILDKHLQRVASTTQDS
825,EGICGFT,0.4267857142857143,0,-33.67530386178862,1374.5215111788616,2.3471697154471545,-537.4078810975609,YPEDILDKHLQRVEGICGFT
826,TGYTLMY,0.4707142857142857,0,-33.37875819672131,1407.3942981557375,2.368987704918033,-536.3830737704918,YPEDILDKHLQRVTGYTLMY
827,SPGVYCP,0.7141071428571428,0,-31.6891066252588,1312.8114554865426,2.398497929606625,-537.6012670807454,YPEDILDKHLQRVSPGVYCP
828,NDSLIME,0.6101785714285715,0,-32.87927094105481,1394.139784901758,2.4327776628748707,-535.6182895553256,YPEDILDKHLQRVNDSLIME
829,LNRRVAE,0.3501785714285714,0,-33.326451020408165,1473.0480397959184,2.4101418367346943,-538.361081632653,YPEDILDKHLQRVLNRRVAE
830,FAVLLLQ,0.5557142857142857,0,-33.79897523219814,1422.2905386996906,2.458649122807018,-532.7677120743035,YPEDILDKHLQRVFAVLLLQ
831,DYMPQPG,0.2757142857142857,1,-34.9779631147541,1357.0898227459015,2.3370573770491805,-540.7744989754099,YPEDILDKHLQRVDYMPQPG
832,YELMLTI,0.4017857142857143,0,-33.66978512396694,1431.260326446281,2.4345475206611566,-537.9412045454545,YPEDILDKHLQRVYELMLTI
833,RDKERQF,0.5082142857142857,0,-31.115639630390145,1409.7808819301847,2.249462012320329,-535.6601242299795,YPEDILDKHLQRVRDKERQF
834,DVNYCWY,0.1360714285714285,1,-35.14870301142264,1449.9505244029076,2.272766355140187,-538.1877757009346,YPEDILDKHLQRVDVNYCWY
835,DYCLPKK,0.4,0,-34.671591563786,1375.5923744855966,2.326247942386831,-536.6246193415637,YPEDILDKHLQRVDYCLPKK
836,PVPTDML,0.6589285714285714,0,-31.8941596292482,1320.26152523172,2.475671472708548,-538.8976930998971,YPEDILDKHLQRVPVPTDML
837,PDINNSE,0.6785714285714286,0,-32.47583435582822,1371.9861053169732,2.4041063394683024,-535.1146656441719,YPEDILDKHLQRVPDINNSE
838,WDAQEEP,0.5566071428571429,0,-33.7909085303186,1416.2218263103805,2.488846865364851,-534.789389516958,YPEDILDKHLQRVWDAQEEP
839,EKKVVIL,0.3223214285714285,0,-33.17038722966014,1407.9594830072092,2.3856199794026782,-540.5814449021627,YPEDILDKHLQRVEKKVVIL
840,GTEFDDR,0.2135714285714285,1,-33.05690608875129,1401.9845531475746,2.248377708978328,-538.7565263157895,YPEDILDKHLQRVGTEFDDR
841,ARKRSKS,0.7233928571428572,0,-31.59831358529111,1402.718973442288,2.47379366700715,-535.453026557712,YPEDILDKHLQRVARKRSKS
842,LLSPTST,0.5464285714285715,0,-32.01634407484407,1329.2674750519752,2.3605374220374222,-538.9508056133056,YPEDILDKHLQRVLLSPTST
843,VASWNNI,0.1616071428571428,1,-33.65476608784474,1435.5892880490298,2.3197007150153217,-540.0737170582227,YPEDILDKHLQRVVASWNNI
844,IRQPELG,0.5925,0,-32.21228720083247,1347.1642247658688,2.398802289281998,-538.2851259105099,YPEDILDKHLQRVIRQPELG
845,PPGRSRP,0.8519642857142857,0,-30.73977183967112,1337.4382805755397,2.5481120246659814,-536.4659958890031,YPEDILDKHLQRVPPGRSRP
846,QSMQGKP,0.6517857142857143,0,-32.57114856557377,1387.212619877049,2.4191403688524598,-535.1509979508197,YPEDILDKHLQRVQSMQGKP
847,LAINDSE,0.2160714285714285,1,-33.82366223132037,1430.8505619242578,2.327251791197544,-538.6831678607984,YPEDILDKHLQRVLAINDSE
848,REQVKSP,0.5083928571428572,0,-31.51529989764586,1362.885744114637,2.347587512794268,-539.1628904810646,YPEDILDKHLQRVREQVKSP
849,KSLHLRD,0.4691071428571429,0,-31.998291581108838,1416.4495821355235,2.284611909650924,-534.9870985626284,YPEDILDKHLQRVKSLHLRD
850,QEEKDLQ,0.3675,0,-31.95269512195122,1413.633548780488,2.337048780487805,-539.087894308943,YPEDILDKHLQRVQEEKDLQ
851,FELPQRI,0.4391071428571428,0,-32.87761387163561,1379.3729668737058,2.377526915113872,-538.6102795031056,YPEDILDKHLQRVFELPQRI
852,KKTIFAK,0.7017857142857142,0,-31.038949743589743,1382.0458133333334,2.351088205128205,-534.6972030769231,YPEDILDKHLQRVKKTIFAK
853,SITIHYP,0.5160714285714285,0,-32.45396487603306,1364.247902892562,2.326544421487603,-536.8383202479338,YPEDILDKHLQRVSITIHYP
854,KRIPDPR,0.6453571428571429,0,-31.73732392894462,1358.147973876698,2.361314524555904,-536.9268578892372,YPEDILDKHLQRVKRIPDPR
855,STQKRVK,0.2873214285714285,0,-32.28362258392676,1415.0282746693797,2.322199389623601,-540.1176236012208,YPEDILDKHLQRVSTQKRVK
856,ELHKIIK,0.3714285714285714,0,-33.21732721712538,1448.7296941896025,2.3427726809378187,-536.5515575942915,YPEDILDKHLQRVELHKIIK
857,PECDQSM,0.6594642857142858,0,-31.75102385892116,1351.6135632780083,2.464017634854772,-538.344286307054,YPEDILDKHLQRVPECDQSM
858,PLLPVKR,0.6189285714285715,0,-32.65467255717255,1376.189401247401,2.3688409563409567,-534.6642006237006,YPEDILDKHLQRVPLLPVKR
859,QLYVKDD,0.3680357142857142,0,-33.05211752360965,1394.616908709339,2.3179370409233995,-537.4833357817419,YPEDILDKHLQRVQLYVKDD
860,APTLERT,0.6980357142857143,0,-32.71149948186528,1362.7070041450777,2.47600414507772,-535.5865658031088,YPEDILDKHLQRVAPTLERT
861,KTDIAAL,0.3628571428571429,0,-32.61367413441955,1401.0396395112016,2.2966099796334007,-537.4959633401223,YPEDILDKHLQRVKTDIAAL
862,FTKPNVF,0.6455357142857143,0,-32.38430753353973,1412.3627966976264,2.463882352941177,-535.2075211558308,YPEDILDKHLQRVFTKPNVF
863,EREWSDR,0.1441071428571428,1,-34.37258273381295,1465.7406793422404,2.274793422404933,-538.111497430627,YPEDILDKHLQRVEREWSDR
864,ENRTSDL,0.1989285714285714,1,-33.50878564102564,1421.2251446153846,2.258941538461538,-538.0456071794872,YPEDILDKHLQRVENRTSDL
865,VPKKKEV,0.6755357142857144,0,-31.407101020408167,1410.1115826530613,2.3694602040816326,-532.9271010204081,YPEDILDKHLQRVVPKKKEV
866,SAQIPQE,0.3971428571428571,0,-32.89637256908905,1400.9992569089047,2.395639713408393,-539.094460593654,YPEDILDKHLQRVSAQIPQE
867,PPPTEVR,0.6732142857142857,0,-31.350149743589743,1315.1042153846151,2.487003076923077,-539.994481025641,YPEDILDKHLQRVPPPTEVR
868,HFETVDY,0.4971428571428571,0,-31.474020533880907,1392.1265523613963,2.3732032854209444,-539.304250513347,YPEDILDKHLQRVHFETVDY
869,NEVTHVA,0.6171428571428571,0,-31.63327824267782,1338.328428870293,2.320273012552301,-536.7639278242677,YPEDILDKHLQRVNEVTHVA
870,TLLFNSY,0.1603571428571428,1,-33.805052254098364,1446.7642448770491,2.259730532786885,-538.0704805327869,YPEDILDKHLQRVTLLFNSY
871,KDPYKLV,0.4744642857142856,0,-31.553767512690357,1401.500856852792,2.2658182741116755,-536.5279908629442,YPEDILDKHLQRVKDPYKLV
872,CDGQSFH,0.7214285714285715,0,-32.401957905544144,1355.5650431211498,2.49462114989733,-536.2406919917864,YPEDILDKHLQRVCDGQSFH
873,EVFISFQ,0.3083928571428571,0,-35.449077639751565,1437.2011469979298,2.3079834368530023,-535.5454679089028,YPEDILDKHLQRVEVFISFQ
874,TTLTLQI,0.5332142857142856,0,-32.81742458677686,1379.2357210743803,2.347328512396694,-535.9575599173553,YPEDILDKHLQRVTTLTLQI
875,TASLPQD,0.5928571428571427,0,-32.453071280991736,1369.2274752066116,2.402336776859504,-537.4563977272727,YPEDILDKHLQRVTASLPQD
876,NHGYQDL,0.6083928571428572,0,-31.661611340206186,1362.0672226804124,2.343579381443299,-536.9908453608248,YPEDILDKHLQRVNHGYQDL
877,KEPGIFL,0.781607142857143,0,-30.44110408163265,1333.4849918367345,2.438672448979592,-537.688642857143,YPEDILDKHLQRVKEPGIFL
878,EAEKWPE,0.3096428571428571,0,-32.56903153611394,1409.852029501526,2.345959308240082,-540.3183784333672,YPEDILDKHLQRVEAEKWPE
879,EKQPIYE,0.5335714285714286,0,-33.393968172484605,1380.8531293634496,2.3516108829568787,-534.3683542094457,YPEDILDKHLQRVEKQPIYE
880,DNPEIKK,0.2333928571428571,1,-33.6602874617737,1350.011250764526,2.2473058103975534,-539.8653282364934,YPEDILDKHLQRVDNPEIKK
881,QNEQSAQ,0.5710714285714286,0,-31.940841140529532,1402.1188543788187,2.3449511201629325,-535.7415071283096,YPEDILDKHLQRVQNEQSAQ
882,DIEAKMK,0.4555357142857142,0,-34.03089117043122,1333.0395123203286,2.2615102669404514,-534.8062710472279,YPEDILDKHLQRVDIEAKMK
883,NTLTDTS,0.3773214285714285,0,-32.87550154479918,1363.9271637487127,2.290263645726056,-537.8229330587023,YPEDILDKHLQRVNTLTDTS
884,EFEGGVE,0.3614285714285714,0,-32.61261053719008,1349.454702479339,2.320400826446281,-540.6428171487603,YPEDILDKHLQRVEFEGGVE
885,LARYRPV,0.2194642857142857,1,-34.08574463738509,1496.2584290091932,2.245929519918284,-536.3355485188968,YPEDILDKHLQRVLARYRPV
886,LGYVGGY,0.3792857142857143,0,-34.394731006160164,1441.296971252567,2.340414784394251,-534.7090154004106,YPEDILDKHLQRVLGYVGGY
887,TTDPGIC,0.4851785714285714,0,-32.3912816032888,1315.5058221993834,2.3630390544707094,-541.1292528263104,YPEDILDKHLQRVTTDPGIC
888,EQSGSSR,0.6555357142857143,0,-31.838077160493825,1310.7685246913582,2.3503220164609053,-537.2926965020577,YPEDILDKHLQRVEQSGSSR
889,CLDVEVP,0.3435714285714285,0,-33.48014139344262,1351.264413934426,2.349699795081967,-541.0951362704918,YPEDILDKHLQRVCLDVEVP
890,TGILQCV,0.42875,0,-33.26451533742331,1397.1404662576683,2.336302658486708,-536.5322413087935,YPEDILDKHLQRVTGILQCV
891,HCKYSNH,0.2632142857142857,1,-32.63632960325534,1478.873961342828,2.295442522889115,-537.8500681586978,YPEDILDKHLQRVHCKYSNH
892,EDKYENP,0.2071428571428571,1,-34.585955852156054,1477.6904486652977,2.253338809034907,-536.5762022587269,YPEDILDKHLQRVEDKYENP
893,ACELQVP,0.6287499999999999,0,-32.35940983606557,1370.6645543032787,2.381802254098361,-536.4167489754099,YPEDILDKHLQRVACELQVP
894,GAVAGNY,0.6669642857142858,0,-31.7272489626556,1292.448911825726,2.3285,-536.6675767634855,YPEDILDKHLQRVGAVAGNY
895,NHCKPKP,0.7198214285714285,0,-31.014230769230767,1372.57819534413,2.380752024291498,-536.4471143724696,YPEDILDKHLQRVNHCKPKP
896,PYQVERR,0.4110714285714285,0,-32.842798155737704,1415.5759026639344,2.3980102459016392,-538.4045891393442,YPEDILDKHLQRVPYQVERR
897,VAPLKTF,0.7098214285714286,0,-32.248659772492246,1390.826569803516,2.482020682523268,-534.6020423991727,YPEDILDKHLQRVVAPLKTF
898,VIWQTTI,0.4119642857142857,0,-34.333896197327846,1424.6575765673178,2.373065775950668,-536.3959177800617,YPEDILDKHLQRVVIWQTTI
899,FEPWSRL,0.5026785714285714,0,-33.54308790072389,1458.0266711478805,2.450970010341261,-535.4857693898656,YPEDILDKHLQRVFEPWSRL
1000,QPLRLLER,0.5385714285714285,0,-31.518399181166835,1436.4621095189354,2.3431750255885366,-536.0788628454452,YPEDILDKHLQRVQPLRLLER
1001,PDISKAGI,0.61,0,-31.836254166666663,1327.5956020833332,2.384303125,-538.6563145833334,YPEDILDKHLQRVPDISKAGI
1002,VSINRSGH,0.6521428571428571,0,-31.83720918367347,1362.4687908163266,2.350842857142857,-536.0666581632653,YPEDILDKHLQRVVSINRSGH
1003,KADYPYGQ,0.1508928571428571,1,-32.8029245667686,1424.6427614678898,2.221335372069317,-539.772748216106,YPEDILDKHLQRVKADYPYGQ
1004,INPVDGLS,0.3914285714285714,0,-33.80450103519669,1380.7524316770186,2.391790890269151,-538.8222908902692,YPEDILDKHLQRVINPVDGLS
1005,SGSNKDVA,0.6723214285714285,0,-31.15346749226006,1316.82859752322,2.3479391124871003,-537.6362476780185,YPEDILDKHLQRVSGSNKDVA
1006,FVQQYSNS,0.56125,0,-32.615429158110885,1415.3238696098565,2.4163747433264886,-536.3100266940452,YPEDILDKHLQRVFVQQYSNS
1007,QTCEATLL,0.3425,0,-32.34140392561984,1401.7577830578512,2.306974173553719,-538.5075185950412,YPEDILDKHLQRVQTCEATLL
1008,DKYFKVSH,0.0416071428571428,1,-36.2663685300207,1475.747394409938,2.185893374741201,-539.367188405797,YPEDILDKHLQRVDKYFKVSH
1009,RFRTLRTH,0.55,0,-31.24523711340206,1416.6504597938144,2.327337113402062,-536.1660206185568,YPEDILDKHLQRVRFRTLRTH
1010,NIPNPTKI,0.60875,0,-31.849116923076924,1378.0601907692308,2.3596841025641027,-536.713515897436,YPEDILDKHLQRVNIPNPTKI
1011,LDAPKDKP,0.4919642857142857,0,-33.42081045081967,1389.4606137295082,2.36175,-536.2232028688525,YPEDILDKHLQRVLDAPKDKP
1012,LFKRGKSK,0.4394642857142857,0,-32.114915811088295,1447.392858316222,2.400360369609856,-538.4639425051334,YPEDILDKHLQRVLFKRGKSK
1013,QAQEIRWK,0.2673214285714286,1,-32.56381174089069,1443.315846153846,2.2571781376518216,-537.6546619433199,YPEDILDKHLQRVQAQEIRWK
1014,KRIQQSRA,0.3503571428571428,0,-32.52791506572295,1458.4074671385238,2.211374115267948,-534.9221324570273,YPEDILDKHLQRVKRIQQSRA
1015,VFTPATGH,0.5998214285714285,0,-31.94544111570248,1327.7590599173554,2.3624576446281,-538.132430785124,YPEDILDKHLQRVVFTPATGH
1016,TRTRKLLR,0.6844642857142857,0,-31.511780864197533,1430.9909125514405,2.435912551440329,-534.9239742798354,YPEDILDKHLQRVTRTRKLLR
1017,LKSYSRLQ,0.3739285714285714,0,-33.138152820512815,1464.0163384615385,2.30080717948718,-532.5193056410257,YPEDILDKHLQRVLKSYSRLQ
1018,WPTFEPID,0.21125,1,-34.10965293511843,1477.544228630278,2.3697260556127704,-539.8969855818743,YPEDILDKHLQRVWPTFEPID
1019,RPQAAIKV,0.4308928571428572,0,-31.18010224948875,1408.6909018404908,2.214436605316973,-537.2165746421268,YPEDILDKHLQRVRPQAAIKV
1020,EDSLKWIS,0.5385714285714286,0,-33.906572755417955,1400.348834881321,2.401660474716202,-534.806661506708,YPEDILDKHLQRVEDSLKWIS
1021,HCLGFSMN,0.5317857142857143,0,-32.51534989648033,1393.7601407867494,2.415569358178053,-537.8054202898551,YPEDILDKHLQRVHCLGFSMN
1022,PVKGMRGI,0.6567857142857143,0,-31.24824948024948,1363.8247474012474,2.45102079002079,-538.6116528066528,YPEDILDKHLQRVPVKGMRGI
1023,SSHSPQMI,0.6273214285714286,0,-31.65593285859613,1350.3160793489317,2.3777416073245163,-537.991501525941,YPEDILDKHLQRVSSHSPQMI
1024,LSIASKLY,0.4426785714285715,0,-32.61820246659815,1396.725642343268,2.365684480986639,-538.0609260020556,YPEDILDKHLQRVLSIASKLY
1025,TIEVMHYC,0.51,0,-32.0918824742268,1370.26762371134,2.3996298969072165,-539.5769412371135,YPEDILDKHLQRVTIEVMHYC
1026,QACKPRYQ,0.535,0,-31.7442274590164,1398.8803555327868,2.354178278688525,-537.4560081967213,YPEDILDKHLQRVQACKPRYQ
1027,LATWTGRG,0.1889285714285714,1,-34.48304272634792,1499.0698148524923,2.3171098677517805,-538.0156317395728,YPEDILDKHLQRVLATWTGRG
1028,NLTVLTSD,0.665,0,-31.839217213114757,1359.799842213115,2.366577868852459,-536.5465194672131,YPEDILDKHLQRVNLTVLTSD
1029,MMRVCSYR,0.5480357142857143,0,-33.37256494845361,1444.9196917525776,2.474680412371134,-534.303181443299,YPEDILDKHLQRVMMRVCSYR
1030,SGDTWTNP,0.3367857142857142,0,-32.54109193054137,1368.182797752809,2.271546475995914,-538.6119611848825,YPEDILDKHLQRVSGDTWTNP
1031,LVAEASTL,0.45125,0,-32.145715615305065,1384.0678562564633,2.3683412616339194,-539.26543123061,YPEDILDKHLQRVLVAEASTL
1032,HGQNPVVF,0.3878571428571429,0,-32.0194387755102,1428.8447765306123,2.3600244897959186,-538.995143877551,YPEDILDKHLQRVHGQNPVVF
1033,RLLTSPSK,0.6028571428571428,0,-31.33396201232033,1355.553430184805,2.273327515400411,-535.7109579055441,YPEDILDKHLQRVRLLTSPSK
1034,GTKMEPTA,0.4271428571428571,0,-32.63116393442623,1409.3212018442623,2.429451844262295,-539.2872264344263,YPEDILDKHLQRVGTKMEPTA
1035,KDVIPGDY,0.4401785714285714,0,-32.1664836400818,1410.3848854805726,2.3431584867075665,-537.7373824130879,YPEDILDKHLQRVKDVIPGDY
1036,YEDEGTLA,0.3132142857142856,0,-33.02839672801636,1410.5045674846626,2.3207116564417176,-538.0130930470347,YPEDILDKHLQRVYEDEGTLA
1037,VCLSLRLN,0.6346428571428571,0,-32.636108359133125,1381.9885686274508,2.401554179566564,-535.3703787409701,YPEDILDKHLQRVVCLSLRLN
1038,QGIRSMPR,0.4458928571428571,0,-32.19742769857434,1433.829468431772,2.369014256619145,-537.8145458248472,YPEDILDKHLQRVQGIRSMPR
1039,PIPPSRYD,0.8219642857142857,0,-31.351562947799383,1312.427735926305,2.470757420675538,-536.7169621289663,YPEDILDKHLQRVPIPPSRYD
1040,LGGSTIPV,0.7232142857142858,0,-31.33848155737705,1314.949306352459,2.3849846311475407,-537.5252336065574,YPEDILDKHLQRVLGGSTIPV
1041,NGAQFVNN,0.7398214285714286,0,-31.927835897435894,1374.0590235897434,2.441857435897436,-535.4467938461538,YPEDILDKHLQRVNGAQFVNN
1042,FVGKLSIG,0.6857142857142857,0,-32.09405338809035,1393.84422587269,2.484870636550308,-535.9884897330596,YPEDILDKHLQRVFVGKLSIG
1043,KVTVSAQG,0.564642857142857,0,-31.420839876033057,1391.853986570248,2.2962944214876035,-535.2354576446281,YPEDILDKHLQRVKVTVSAQG
1044,EKCPMPET,0.4498214285714286,0,-33.169437052200614,1376.132544524053,2.347510747185261,-537.4027502558853,YPEDILDKHLQRVEKCPMPET
1045,STQNTETT,0.5883928571428572,0,-31.75661349693252,1341.4884867075662,2.3757995910020453,-538.6944795501023,YPEDILDKHLQRVSTQNTETT
1046,EKEVDNVA,0.3199999999999999,0,-34.28547107438016,1412.8408233471073,2.345710743801653,-537.6469876033058,YPEDILDKHLQRVEKEVDNVA
1047,ADKAKGLE,0.61375,0,-32.41430390143737,1385.658042094456,2.4079784394250514,-536.6345420944558,YPEDILDKHLQRVADKAKGLE
1048,SDASQQVY,0.7985714285714286,0,-31.70268934010152,1289.423578680203,2.408925888324873,-536.4370934010152,YPEDILDKHLQRVSDASQQVY
1049,CEAHIAEY,0.3973214285714286,0,-32.5554399185336,1397.9739439918535,2.343848268839104,-538.2255855397148,YPEDILDKHLQRVCEAHIAEY
1050,CSLTYFPQ,0.3885714285714285,0,-33.296839044652124,1395.6809875389408,2.3134870197300104,-536.6557611630323,YPEDILDKHLQRVCSLTYFPQ
1051,NWDKMKEK,0.44875,0,-31.68135490394338,1383.5909373104148,2.3475267947421634,-539.5048099089989,YPEDILDKHLQRVNWDKMKEK
1052,FQILNYME,0.41375,0,-35.24080894308943,1479.8541046747969,2.3946900406504064,-535.7913211382113,YPEDILDKHLQRVFQILNYME
1053,DIFLSLSF,0.3014285714285714,0,-37.05170606372045,1438.0392579650563,2.3006557040082223,-535.2192548818088,YPEDILDKHLQRVDIFLSLSF
1054,QTPNKTVI,0.7551785714285714,0,-31.20501846153846,1350.6442984615385,2.3636266666666668,-535.290682051282,YPEDILDKHLQRVQTPNKTVI
1055,QPHLADGN,0.4676785714285714,0,-31.918792857142854,1400.7151724489795,2.3059244897959186,-536.880168367347,YPEDILDKHLQRVQPHLADGN
1056,TFNVNAST,0.5019642857142858,0,-31.92774173553719,1356.4843429752066,2.3490743801652894,-538.924013429752,YPEDILDKHLQRVTFNVNAST
1057,RGANFRTL,0.7044642857142858,0,-30.495533401849947,1365.6639979445015,2.4018417266187053,-537.7547225077082,YPEDILDKHLQRVRGANFRTL
1058,AVNGRADE,0.74375,0,-31.195142564102564,1329.9652266666667,2.43369641025641,-537.8492810256411,YPEDILDKHLQRVAVNGRADE
1059,TVKKGGVT,0.5717857142857142,0,-31.44624974411464,1409.936610030706,2.404096212896622,-537.9902978505629,YPEDILDKHLQRVTVKKGGVT
1060,EEVVTFSA,0.5160714285714286,0,-34.00033367451382,1383.301846468782,2.387867963152508,-536.1284616171955,YPEDILDKHLQRVEEVVTFSA
1061,VVSQPRLP,0.6871428571428572,0,-32.056905544147845,1376.7977628336755,2.428379876796715,-536.2775071868583,YPEDILDKHLQRVVVSQPRLP
1062,KPSRPEQA,0.7205357142857143,0,-30.757995905834186,1418.267133060389,2.391329580348004,-532.6869795291709,YPEDILDKHLQRVKPSRPEQA
1063,REQLKMHR,0.3405357142857143,0,-31.865564417177914,1433.4634867075663,2.33739263803681,-539.3256881390593,YPEDILDKHLQRVREQLKMHR
1064,NQCQAQLV,0.5278571428571428,0,-32.24523445463812,1374.9439949031598,2.406986748216106,-538.8267798165137,YPEDILDKHLQRVNQCQAQLV
1065,TVLDRNRQ,0.3528571428571428,0,-32.41729584599797,1386.769772036474,2.270824721377913,-537.9836595744681,YPEDILDKHLQRVTVLDRNRQ
1066,LKLYILQN,0.2428571428571428,1,-34.554100307062434,1496.2368403275332,2.294764585465711,-536.5054820880246,YPEDILDKHLQRVLKLYILQN
1067,LGCDQYAP,0.4994642857142857,0,-32.48472773797339,1380.259340839304,2.313742067553736,-536.1823254861822,YPEDILDKHLQRVLGCDQYAP
1068,LSGEGDCY,0.6608928571428571,0,-31.86305544147844,1367.9479065708415,2.4257043121149904,-537.4813234086242,YPEDILDKHLQRVLSGEGDCY
1069,ERVANYFV,0.4378571428571428,0,-33.55321123829344,1382.7249906347554,2.32192924037461,-535.971703433923,YPEDILDKHLQRVERVANYFV
1070,ARGSSDNV,0.8733928571428572,0,-30.497419387755105,1285.8116969387754,2.425630612244898,-536.4094653061225,YPEDILDKHLQRVARGSSDNV
1071,RPIHNEEN,0.4942857142857143,0,-30.886796731358533,1435.7517599591422,2.223905005107252,-534.3221859039837,YPEDILDKHLQRVRPIHNEEN
1072,KAFMTNDN,0.3316071428571428,0,-33.437565306122444,1444.2952918367346,2.298994897959184,-535.636369387755,YPEDILDKHLQRVKAFMTNDN
1073,AELLQLAK,0.6089285714285714,0,-32.558011247443766,1368.0832351738245,2.396657464212679,-536.7905102249489,YPEDILDKHLQRVAELLQLAK
1074,SIKTVIAD,0.3380357142857143,0,-32.393815573770496,1378.914843237705,2.3264170081967213,-540.8691454918032,YPEDILDKHLQRVSIKTVIAD
1075,AWIRVTQL,0.4932142857142857,0,-32.06148723186925,1419.8983401430032,2.435314606741573,-538.5214657814096,YPEDILDKHLQRVAWIRVTQL
1076,SSPRVDPV,0.5989285714285715,0,-31.491278118609408,1356.9625470347648,2.450552147239264,-540.3725838445807,YPEDILDKHLQRVSSPRVDPV
1077,FQQKAFVP,0.3591071428571428,0,-32.20101121304791,1422.6645616717635,2.3699245667686037,-540.3949174311927,YPEDILDKHLQRVFQQKAFVP
1078,RELSKEEL,0.7126785714285714,0,-31.039989764585464,1365.0402405322416,2.342312180143296,-534.7389795291709,YPEDILDKHLQRVRELSKEEL
1079,TPQGLDFE,0.3982142857142857,0,-32.62761088295688,1362.663840862423,2.350319301848049,-540.0634127310061,YPEDILDKHLQRVTPQGLDFE
1080,GSVEVNVY,0.6964285714285714,0,-31.746843460350156,1330.775682801236,2.3481071060762098,-536.0420339855818,YPEDILDKHLQRVGSVEVNVY
1081,TSPGLVLR,0.7619642857142858,0,-31.32576151484135,1338.216769703173,2.398467758444217,-536.6938515864891,YPEDILDKHLQRVTSPGLVLR
1082,GNVTMVYT,0.6535714285714286,0,-32.1478835546476,1338.1089622063328,2.4227671092951995,-537.8950429009193,YPEDILDKHLQRVGNVTMVYT
1083,KFKTNAAN,0.4764285714285714,0,-30.529359423274972,1384.113554067971,2.303238928939238,-538.5344902162718,YPEDILDKHLQRVKFKTNAAN
1084,SGSTGAGG,0.6344642857142857,0,-31.22306694129763,1301.1877754891864,2.33467868177137,-537.9762173017508,YPEDILDKHLQRVSGSTGAGG
1085,VGLLHKWQ,0.2333928571428571,1,-34.92681103166497,1473.546593462717,2.318685393258427,-537.3381440245148,YPEDILDKHLQRVVGLLHKWQ
1086,EQACEPTT,0.6403571428571428,0,-33.023616099071205,1332.6520639834882,2.4254117647058826,-536.8835572755418,YPEDILDKHLQRVEQACEPTT
1087,RICDPAPG,0.4869642857142857,0,-31.174557377049183,1346.4040092213115,2.305548155737705,-539.2593862704919,YPEDILDKHLQRVRICDPAPG
1088,IREGPLLY,0.7675000000000001,0,-31.42602886597938,1358.438631958763,2.4091381443298965,-535.985,YPEDILDKHLQRVIREGPLLY
1089,LCTADSGT,0.4944642857142857,0,-33.05419101123596,1367.5747579162412,2.3530224719101125,-537.1047773237998,YPEDILDKHLQRVLCTADSGT
1090,LATWLNTS,0.3339285714285714,0,-33.79807222787385,1458.640520854527,2.3304079348931843,-536.1979491353002,YPEDILDKHLQRVLATWLNTS
1091,NRVPCKRG,0.3578571428571428,0,-33.006541453428866,1409.8486212896623,2.325269191402252,-537.4783930399182,YPEDILDKHLQRVNRVPCKRG
1092,YYLIPPCI,0.3399999999999999,0,-33.93757172342622,1441.73944375645,2.4169865841073275,-538.3596625386997,YPEDILDKHLQRVYYLIPPCI
1093,KSCAPVEG,0.5017857142857143,0,-30.75230461538462,1349.8078748717946,2.291670769230769,-538.7907671794871,YPEDILDKHLQRVKSCAPVEG
1094,DFPDIAFP,0.4798214285714285,0,-33.79273387922211,1339.6192784032753,2.295189355168884,-535.1992118730809,YPEDILDKHLQRVDFPDIAFP
1095,WECSQRQG,0.5521428571428572,0,-32.10509518935517,1390.4455854657117,2.3799846468781984,-537.5215465711361,YPEDILDKHLQRVWECSQRQG
1096,MTTIIFFS,0.4030357142857143,0,-33.16985086823289,1410.282296220633,2.349607763023493,-537.2005556690501,YPEDILDKHLQRVMTTIIFFS
1097,SWVIPSNT,0.3719642857142857,0,-33.088561224489794,1372.5807030612243,2.348487755102041,-538.9915459183675,YPEDILDKHLQRVSWVIPSNT
1098,KICGELTE,0.8216071428571429,0,-30.896014329580343,1323.8080122824974,2.4222395087001027,-536.6124411463665,YPEDILDKHLQRVKICGELTE
1099,DVQVGTLA,0.17375,1,-35.192065106815875,1398.713414038657,2.286024415055951,-538.9946164801628,YPEDILDKHLQRVDVQVGTLA
1200,SPTLSARGA,0.4948214285714286,0,-33.24647325102881,1405.0447139917696,2.3612674897119343,-535.5723827160494,YPEDILDKHLQRVSPTLSARGA
1201,YRDKYTDKV,0.6660714285714285,0,-31.97280615384615,1412.4912594871796,2.4343661538461543,-535.2643948717949,YPEDILDKHLQRVYRDKYTDKV
1202,PRQINLLPQ,0.5139285714285714,0,-33.01780020491803,1409.341136270492,2.469090163934426,-537.4086639344263,YPEDILDKHLQRVPRQINLLPQ
1203,GICMGLTFT,0.5341071428571429,0,-32.694317948717945,1366.6605641025642,2.4185764102564105,-538.2955671794873,YPEDILDKHLQRVGICMGLTFT
1204,TGLCVVKLS,0.51125,0,-33.18270040899795,1411.733298568507,2.395238241308793,-536.177972392638,YPEDILDKHLQRVTGLCVVKLS
1205,EEKAVAVGC,0.4341071428571428,0,-32.60288717948718,1376.471692307692,2.357331282051282,-538.6574287179487,YPEDILDKHLQRVEEKAVAVGC
1206,LKFDFVFKG,0.3751785714285715,0,-33.78462461851475,1446.8331312309256,2.335383519837233,-535.3141993896236,YPEDILDKHLQRVLKFDFVFKG
1207,HPENIFPKK,0.5121428571428571,0,-30.79293272171254,1391.9917257900102,2.262330275229358,-536.8143944954128,YPEDILDKHLQRVHPENIFPKK
1208,QIPLAYCRE,0.60625,0,-31.878689049586782,1393.2721095041322,2.375296487603306,-536.675916322314,YPEDILDKHLQRVQIPLAYCRE
1209,TLFVTVTAA,0.3394642857142857,0,-34.39695139607032,1405.9072347466392,2.337192347466391,-537.194196483971,YPEDILDKHLQRVTLFVTVTAA
1210,YARGKEAHT,0.4528571428571428,0,-32.601119587628865,1439.3484216494846,2.377128865979381,-537.1764051546392,YPEDILDKHLQRVYARGKEAHT
1211,YVNGGTLWQ,0.5128571428571429,0,-32.18732613168724,1404.6242088477366,2.442538065843621,-538.5909125514403,YPEDILDKHLQRVYVNGGTLWQ
1212,RSDLFAVWG,0.23625,1,-32.97656561546287,1454.8015645981689,2.2548463886063077,-537.428037639878,YPEDILDKHLQRVRSDLFAVWG
1213,VDVPQSKDE,0.5525,0,-33.52370901639344,1394.0999077868853,2.403109631147541,-535.5373411885246,YPEDILDKHLQRVVDVPQSKDE
1214,EARYARRGS,0.25625,1,-34.440219959266805,1516.8719378818737,2.24368533604888,-534.3107352342158,YPEDILDKHLQRVEARYARRGS
1215,RLESYPYPY,0.5267857142857143,0,-30.485778008298755,1347.8041670124478,2.3081991701244813,-539.0177520746888,YPEDILDKHLQRVRLESYPYPY
1216,KPRCPEVTN,0.4685714285714286,0,-31.743789581205316,1410.9630183861082,2.283918283963228,-536.2636802860062,YPEDILDKHLQRVKPRCPEVTN
1217,DITFASYLI,0.1185714285714285,1,-35.26073271413828,1432.3228421052631,2.2868441692466464,-539.0666852425181,YPEDILDKHLQRVDITFASYLI
1218,SDFTLYEKA,0.6125,0,-33.123906762295086,1390.0170543032789,2.4054313524590163,-532.8914375,YPEDILDKHLQRVSDFTLYEKA
1219,KLLVLGSAV,0.47375,0,-31.746548518896837,1373.7613871297242,2.3116864147088867,-538.0335587334015,YPEDILDKHLQRVKLLVLGSAV
1220,DTALLKYQL,0.2528571428571429,1,-35.057758691206544,1409.8714887525564,2.363604294478528,-539.5842290388547,YPEDILDKHLQRVDTALLKYQL
1221,LDGETYCQQ,0.5091071428571429,0,-32.72316205128205,1395.9632184615382,2.412338461538462,-537.7691333333333,YPEDILDKHLQRVLDGETYCQQ
1222,SGPEPSEVC,0.6246428571428572,0,-31.34339329268293,1348.0146300813008,2.340109756097561,-537.4078038617886,YPEDILDKHLQRVSGPEPSEVC
1223,WGIYVTLST,0.1346428571428571,1,-34.645257637474536,1502.591733197556,2.2926476578411408,-538.3364175152749,YPEDILDKHLQRVWGIYVTLST
1224,FPQDIYCVQ,0.5157142857142857,0,-32.981379772961816,1429.6083343653252,2.3994736842105264,-535.835439628483,YPEDILDKHLQRVFPQDIYCVQ
1225,EPTVTQIAV,0.3953571428571429,0,-32.59856262833676,1375.0826303901435,2.2784004106776186,-537.4523429158111,YPEDILDKHLQRVEPTVTQIAV
1226,PGPEVTCLL,0.7489285714285714,0,-31.240101464435146,1346.9510313807532,2.4455993723849376,-537.4833420502092,YPEDILDKHLQRVPGPEVTCLL
1227,TISDGNSKS,0.78,0,-30.959604294478527,1336.6409877300614,2.373021472392637,-536.1075950920246,YPEDILDKHLQRVTISDGNSKS
1228,GMKALKLVS,0.8498214285714285,0,-31.167524301964843,1369.3641178903829,2.535700103412616,-528.9814167528439,YPEDILDKHLQRVGMKALKLVS
1229,IKKESRLSF,0.5889285714285715,0,-31.89081947261663,1420.5803225152129,2.370127789046653,-535.6588215010142,YPEDILDKHLQRVIKKESRLSF
1230,VSTCGLARL,0.6675,0,-31.827512899896803,1366.454004127967,2.3685438596491224,-536.2813725490196,YPEDILDKHLQRVVSTCGLARL
1231,PEFENTSQL,0.3873214285714285,0,-32.97835794871795,1413.9357856410256,2.257699487179487,-532.9537066666667,YPEDILDKHLQRVPEFENTSQL
1232,ELCGVQERY,0.4798214285714285,0,-32.03807660878448,1345.8885669050053,2.312585291113381,-538.2357170582227,YPEDILDKHLQRVELCGVQERY
1233,STPRRLQME,0.4853571428571429,0,-31.70712397540984,1408.3239415983603,2.401904713114754,-539.3854108606558,YPEDILDKHLQRVSTPRRLQME
1234,AITPLSLMP,0.5303571428571429,0,-32.49330625,1354.72041875,2.3598583333333334,-537.91258125,YPEDILDKHLQRVAITPLSLMP
1235,CALCEGEWL,0.3419642857142857,0,-34.1959356846473,1453.3985145228216,2.3658143153526976,-537.0769273858921,YPEDILDKHLQRVCALCEGEWL
1236,AVAYYCVPD,0.5039285714285715,0,-32.36340370751802,1388.7562739443874,2.3577456230690013,-537.5005705458291,YPEDILDKHLQRVAVAYYCVPD
1237,FGWSPVSKA,0.1914285714285714,1,-33.77446932515337,1438.958419222904,2.335098159509202,-539.4834642126789,YPEDILDKHLQRVFGWSPVSKA
1238,RVEPTHNFN,0.5417857142857143,0,-30.863152420185376,1363.7542863027809,2.314278063851699,-538.1443007209064,YPEDILDKHLQRVRVEPTHNFN
1239,LCEDQQLAA,0.2416071428571428,1,-33.059554425228896,1414.007531027467,2.251316378433367,-537.892489318413,YPEDILDKHLQRVLCEDQQLAA
1240,IIEQSLKEL,0.4458928571428571,0,-33.285020597322344,1451.408729145211,2.3490844490216274,-532.7080792996911,YPEDILDKHLQRVIIEQSLKEL
1241,NGEDIWSEE,0.2269642857142857,1,-32.87363163265306,1391.3944142857144,2.2547255102040813,-539.2379714285715,YPEDILDKHLQRVNGEDIWSEE
1242,PCPPQSWPI,0.6689285714285714,0,-32.38274483471074,1364.0249473140495,2.397160123966942,-536.0260320247934,YPEDILDKHLQRVPCPPQSWPI
1243,NSDVPEQLT,0.27,1,-33.036660204081635,1415.8833520408164,2.324682653061225,-538.6560673469388,YPEDILDKHLQRVNSDVPEQLT
1244,KLKPTTPRN,0.6948214285714287,0,-29.91945781893004,1387.4518168724285,2.337985596707819,-534.4743220164609,YPEDILDKHLQRVKLKPTTPRN
1245,KDDSKDKTD,0.5891071428571428,0,-31.531053007135576,1361.2221539245668,2.3339439347604487,-537.3307624872579,YPEDILDKHLQRVKDDSKDKTD
1246,DDFPDLDML,0.2525,1,-36.5923277835588,1398.8681019771072,2.2670718002081163,-537.2196867845994,YPEDILDKHLQRVDDFPDLDML
1247,TEQQPVADV,0.3908928571428571,0,-33.0335517948718,1397.960995897436,2.392185641025641,-539.060402051282,YPEDILDKHLQRVTEQQPVADV
1248,SQMLISVTI,0.415,0,-33.484637948717946,1387.5171148717948,2.3989005128205125,-538.575524102564,YPEDILDKHLQRVSQMLISVTI
1249,ALTTSNFSI,0.7260714285714286,0,-31.550870466321243,1329.9213948186527,2.371442487046632,-536.6537875647668,YPEDILDKHLQRVALTTSNFSI
1250,EKIETRQVR,0.1626785714285714,1,-33.35710769230769,1457.1194317948718,2.307915897435897,-539.3330748717949,YPEDILDKHLQRVEKIETRQVR
1251,QVKTLQAWT,0.4825,0,-32.37855010224949,1452.6392586912066,2.3467719836400818,-535.4492883435584,YPEDILDKHLQRVQVKTLQAWT
1252,PAQQKWFTS,0.5608928571428572,0,-32.12699897330595,1378.1706416837785,2.4537258726899385,-538.705726899384,YPEDILDKHLQRVPAQQKWFTS
1253,SACTSWKRT,0.5448214285714286,0,-31.9253595505618,1375.3015893769152,2.3602737487231864,-537.9327007150154,YPEDILDKHLQRVSACTSWKRT
1254,AITICGRCA,0.3783928571428572,0,-33.606109979633395,1424.3797678207738,2.370227087576375,-537.4906507128311,YPEDILDKHLQRVAITICGRCA
1255,AVVTDDEQG,0.4939285714285714,0,-32.648819203268644,1387.6723850868234,2.362310520939735,-537.3865199182839,YPEDILDKHLQRVAVVTDDEQG
1256,YCPPPRPAS,0.70625,0,-31.66753374233129,1345.3187638036811,2.4769887525562377,-537.920163599182,YPEDILDKHLQRVYCPPPRPAS
1257,YCQRDPAKT,0.41875,0,-32.71649391480731,1447.689981744422,2.4388215010141985,-538.4135030425964,YPEDILDKHLQRVYCQRDPAKT
1258,RPVAKRVLS,0.6064285714285714,0,-30.61473416407061,1380.227056074766,2.271746625129803,-535.0365732087228,YPEDILDKHLQRVRPVAKRVLS
1259,PQPSHCLKL,0.8558928571428572,0,-30.797244834710742,1308.2867530991737,2.4559400826446285,-536.6308233471075,YPEDILDKHLQRVPQPSHCLKL
1260,VLFENDVAG,0.3594642857142857,0,-33.61964453524004,1419.721382022472,2.3126189989785497,-535.9419203268642,YPEDILDKHLQRVVLFENDVAG
1261,YPPIQMRHS,0.5094642857142857,0,-32.04449897959184,1421.6626040816327,2.453039795918368,-538.351406122449,YPEDILDKHLQRVYPPIQMRHS
1262,FAKHYGTEL,0.25625,1,-33.62287474541752,1488.4513279022403,2.3453329938900205,-538.129566191446,YPEDILDKHLQRVFAKHYGTEL
1263,TITEPRFYR,0.6828571428571429,0,-31.75171502057613,1378.5354434156377,2.36380658436214,-534.7874197530864,YPEDILDKHLQRVTITEPRFYR
1264,FPKVLRKSF,0.6346428571428571,0,-32.11018743563337,1436.02501853759,2.4640504634397526,-535.1952378990732,YPEDILDKHLQRVFPKVLRKSF
1265,GGQEDSMLG,0.2378571428571428,1,-33.17728673469388,1401.8853642857143,2.324064285714286,-540.3081612244897,YPEDILDKHLQRVGGQEDSMLG
1266,TESNPKIEQ,0.3296428571428571,0,-32.66335847107438,1388.3221869834708,2.342837809917356,-540.2436033057852,YPEDILDKHLQRVTESNPKIEQ
1267,NFSSGQHPA,0.8203571428571428,0,-30.53309720785936,1296.2217321613236,2.3447425025853152,-533.6135842812823,YPEDILDKHLQRVNFSSGQHPA
1268,NPKDTSATQ,0.4846428571428571,0,-31.45716288659794,1382.7830711340205,2.332458762886598,-538.3713360824743,YPEDILDKHLQRVNPKDTSATQ
1269,TMTWTQPQV,0.6005357142857143,0,-32.75721524201854,1426.1236374871266,2.447716786817714,-533.9615571575696,YPEDILDKHLQRVTMTWTQPQV
1270,PLSESLSHN,0.5571428571428572,0,-30.77013715455476,1340.0082395087002,2.337843398157625,-539.3242128966224,YPEDILDKHLQRVPLSESLSHN
1271,MAQQSKRVG,0.3935714285714285,0,-33.01658961303462,1450.918771894094,2.388378818737271,-537.7271232179226,YPEDILDKHLQRVMAQQSKRVG
1272,VFEEKAQPA,0.4505357142857143,0,-32.157720286885244,1413.5272510245902,2.2937745901639346,-535.8589200819672,YPEDILDKHLQRVVFEEKAQPA
1273,LLIKRFIPT,0.4632142857142857,0,-32.38128468653648,1428.8557913669065,2.35906372045221,-537.0271531346352,YPEDILDKHLQRVLLIKRFIPT
1274,EYDEEAQMS,0.0507142857142857,1,-33.98964437689969,1452.2443090172237,2.247017223910841,-541.0180810536981,YPEDILDKHLQRVEYDEEAQMS
1275,IVLVSCQFI,0.42375,0,-33.30077528089888,1406.435671092952,2.31982226762002,-535.2515352400409,YPEDILDKHLQRVIVLVSCQFI
1276,ESFDITSDS,0.2355357142857143,1,-35.47698658410732,1448.7111960784316,2.2478782249742,-535.8846130030959,YPEDILDKHLQRVESFDITSDS
1277,PLSLSSTSP,0.8633928571428571,0,-31.5814872579001,1333.114514780836,2.459427115188583,-532.3037787971457,YPEDILDKHLQRVPLSLSSTSP
1278,KDGKSYADN,0.6489285714285715,0,-31.316038026721483,1337.3697348406988,2.3472250770811924,-537.4891325796506,YPEDILDKHLQRVKDGKSYADN
1279,DAINQSCMQ,0.0798214285714285,1,-34.78541062308478,1409.5608049029622,2.2362860061287027,-541.3298426966292,YPEDILDKHLQRVDAINQSCMQ
1280,HPAYRAIFN,0.2517857142857143,1,-32.93230259067357,1441.3265823834197,2.312168911917099,-538.2668642487047,YPEDILDKHLQRVHPAYRAIFN
1281,QKDEAKTPS,0.4605357142857143,0,-32.03332548618219,1383.941469805527,2.256987717502559,-536.495252814739,YPEDILDKHLQRVQKDEAKTPS
1282,YCTLPVVSI,0.62875,0,-32.67956745623069,1409.278808444902,2.41743666323378,-530.6473779608651,YPEDILDKHLQRVYCTLPVVSI
1283,RALVSGCRQ,0.6332142857142857,0,-31.65027422680412,1399.1725721649484,2.354309278350516,-535.0143402061856,YPEDILDKHLQRVRALVSGCRQ
1284,LAVTIPPMH,0.3926785714285714,0,-32.78190041067762,1406.2696724845994,2.3416519507186857,-537.7290030800822,YPEDILDKHLQRVLAVTIPPMH
1285,NSSFNDTYA,0.2569642857142857,1,-32.581407747196735,1415.7382782874618,2.3141549439347604,-539.6711488277268,YPEDILDKHLQRVNSSFNDTYA
1286,PAFLWNIAR,0.5607142857142857,0,-33.738325413223144,1415.2210454545454,2.449604338842975,-533.6363863636363,YPEDILDKHLQRVPAFLWNIAR
1287,EDDNNQKYN,0.1432142857142857,1,-33.99536724313326,1427.9158168870806,2.31372024415056,-540.3715106815871,YPEDILDKHLQRVEDDNNQKYN
1288,DVPPCLVPY,0.3671428571428571,0,-34.23737916666666,1342.09204375,2.3244906250000006,-538.1804010416666,YPEDILDKHLQRVDVPPCLVPY
1289,TPPAILHGP,0.677142857142857,0,-31.15341555783009,1304.18857727738,2.404742067553736,-539.1832753326511,YPEDILDKHLQRVTPPAILHGP
1290,AKWCGWRPP,0.3442857142857142,0,-33.49217628865979,1418.841212371134,2.322139175257732,-536.7276835051547,YPEDILDKHLQRVAKWCGWRPP
1291,STFQEDAMF,0.4523214285714285,0,-34.36498065173116,1431.1082158859472,2.366977596741344,-532.7649674134419,YPEDILDKHLQRVSTFQEDAMF
1292,RKNADSERP,0.5783928571428572,0,-30.706663942798773,1377.5284698672117,2.269826353421859,-536.1213973442289,YPEDILDKHLQRVRKNADSERP
1293,VPPVKECNE,0.7537499999999999,0,-32.013677050882656,1346.1355742471446,2.439683281412253,-536.1757622014538,YPEDILDKHLQRVVPPVKECNE
1294,IELEYHIHE,0.4201785714285714,0,-32.55500203458799,1415.7961922685658,2.2864862665310275,-535.1823957273652,YPEDILDKHLQRVIELEYHIHE
1295,LSVPSEALS,0.5248214285714285,0,-32.71615010351967,1375.7522556935814,2.348191511387164,-536.5924327122153,YPEDILDKHLQRVLSVPSEALS
1296,NVQLKEGVY,0.3964285714285714,0,-32.71478198567041,1384.7100470829068,2.348318321392016,-538.5842446264074,YPEDILDKHLQRVNVQLKEGVY
1297,NQKYLQRVD,0.3267857142857143,0,-32.54243149284254,1492.0373721881388,2.288852760736196,-536.6633691206545,YPEDILDKHLQRVNQKYLQRVD
1298,IKMVVSVPV,0.4566071428571428,0,-33.43270431211499,1387.7442186858316,2.3983429158110883,-537.9163983572896,YPEDILDKHLQRVIKMVVSVPV
1299,KRLQSSRKN,0.5301785714285714,0,-31.270692150866463,1444.1668379204891,2.304677879714577,-533.8117981651376,YPEDILDKHLQRVKRLQSSRKN
